AGS_12,state,nuts2,district,name,population,male,female,male_under10,female_under10,male_10to19,female_10to19,male_20to29,female_20to29,male_30to39,female_30to39,male_40to49,female_40to49,male_50to59,female_50to59,male_60to69,female_60to69,male_70to79,female_70to79,male_80andover,female_80andover,working_population,agriculture_forests_fishery,mining_and_industry,energy_water_waste,construction,trade_carmechanics_tourism,traffic_storage_communication,finance_insurance,property,public_administration,other_services,unknown
1001,1,0,1,"Flensburg, Stadt",82258,40534,41724,3608,2791,3844,3710,6851,6840,5161,4663,6525,5943,5296,5327,4231,4865,3633,4496,1385,3089,40940,,5080,610,1450,8610,3280,730,5940,4110,10880,0
1002,1,0,2,"Kiel, Landeshauptstadt",235782,113505,122277,9981,9002,9917,9944,20583,23681,17058,15471,17579,17795,14305,14878,11794,12452,8975,11325,3313,7729,118100,,10930,1550,4520,20840,9750,3610,17050,11510,37740,0
1003,1,0,3,"Lübeck, Hansestadt",210305,99832,110473,8609,8088,9343,9638,13813,13952,12267,12562,16203,16995,13807,14033,11717,13176,10205,12952,3868,9077,99990,,13170,1190,4080,17720,9750,2400,12650,7450,30900,
1004,1,0,4,"Neumünster, Stadt",77249,37710,39539,3410,3162,4115,4142,4911,4383,4292,4168,6281,6223,5204,5281,4453,4694,3657,4557,1387,2929,36570,,4580,660,2840,7750,3300,1020,4020,3260,8790,
1051,1,0,51,Dithmarschen,133900,65528,68372,5766,5548,8040,7689,6799,6316,6769,6669,10937,11054,9478,9616,8160,8348,7097,8161,2482,4971,62210,3160,9270,1320,5130,11470,4350,1470,5920,5430,14680,0
1053,1,0,53,Herzogtum Lauenburg,187137,90976,96162,8628,8180,10769,9982,8958,8727,9570,10706,16821,16986,13254,13293,10435,11133,9339,10613,3202,6542,96080,1880,14990,1640,5420,17950,8570,3390,11470,8350,22420,0
1054,1,0,54,Nordfriesland,163665,79541,84124,7109,6714,9869,9391,8809,7891,8065,8678,13472,13877,11295,11777,9755,10404,8277,9560,2890,5832,84740,4190,6620,1530,7100,21670,4290,2230,8860,8570,19660,10
1055,1,0,55,Ostholstein,198413,95265,103148,7636,7333,10476,9711,8683,8491,9347,10317,16208,16963,14196,15066,13328,14058,11446,12955,3945,8254,99240,2380,11400,1620,5850,22550,7500,2740,10190,9100,25920,
1056,1,0,56,Pinneberg,296341,144046,152295,13669,12907,16356,14941,14458,14474,15621,17308,27124,26596,20516,20938,16804,18553,14628,17017,4870,9561,155230,3660,23530,2290,8170,31390,14810,6830,21500,11330,31720,
1057,1,0,57,Plön,127676,61687,65989,5238,5093,7449,7121,5419,5067,5983,6451,10903,11597,9176,9373,8235,8746,6979,7944,2305,4597,63550,2040,7430,790,3880,11860,4710,2170,6910,7790,15990,
1058,1,0,58,Rendsburg-Eckernförde,269362,131868,137496,12314,11512,16461,15285,12672,11876,13412,14513,23876,24443,19029,19463,16266,16598,13493,14939,4345,8867,135990,5030,15830,2080,8950,23470,9850,4350,14770,15680,35960,10
1059,1,0,59,Schleswig-Flensburg,196025,96605,99420,8958,8334,12329,11590,9333,8767,9978,10278,17026,17057,13725,13847,12006,11977,10020,10991,3230,6579,97630,4940,11940,1360,6390,18020,6200,2620,9940,10380,25830,10
1060,1,0,60,Segeberg,260665,127503,133162,12106,11225,14543,13736,13009,12974,14720,15312,23702,23777,18030,18634,15287,16070,12344,14013,3762,7421,136870,2740,20820,1630,7940,28580,12520,5190,17640,9450,30350,0
1061,1,0,61,Steinburg,130785,64208,66575,5611,5442,7717,7530,6619,5971,6481,6679,12039,12026,9514,9321,7563,7738,6593,7478,2071,4390,65610,2340,10440,1480,4430,11240,4480,2050,8610,5830,14700,10
1062,1,0,62,Stormarn,230556,111676,118879,10649,10178,12502,12146,10059,10239,12136,13170,20953,21589,16298,16271,13654,14278,11522,13074,3903,7934,120530,1340,17730,1550,5790,24990,11960,5940,16020,9020,26180,10
2000,2,0,0,"Hamburg, Freie und Hansestadt",1706696,825451,881245,78232,73656,75817,71514,114122,129344,131132,127106,143686,136985,102161,107533,86000,91535,67915,85178,26386,58394,895550,3210,86530,10340,31810,170860,121690,34340,170520,50810,215420,10
3101,3,1,1,"Braunschweig, Stadt",242537,118128,124409,10109,9595,10437,10156,18902,17979,17012,15298,19464,18461,15070,16084,11922,13663,10829,13261,4383,9912,119940,,21520,1700,4040,18160,9390,2640,22760,7890,31360,
3102,3,1,2,"Salzgitter, Stadt",98895,48015,50880,4357,3867,5179,5224,5656,4868,5069,5224,7849,7611,6849,7450,5913,6319,5214,6302,1929,4015,42320,,14140,770,1360,6180,2430,760,5850,2100,8410,
3103,3,1,3,"Wolfsburg, Stadt",119984,58747,61237,4768,4857,5782,5310,8150,7471,7033,7151,9246,9217,8381,8181,6422,6819,6449,7794,2516,4437,58440,,22070,580,1250,7310,2760,870,10300,2340,10600,
3151,3,1,51,Gifhorn,171333,85102,86229,8177,7784,10882,10211,9120,8472,9251,9682,15584,15359,13298,12828,8883,8771,7331,8250,2576,4872,85570,1900,27180,980,3720,12230,4300,1640,11700,5370,16540,
3152,3,1,52,Göttingen,248037,120644,127393,10434,9416,12687,12110,18631,19622,13990,14272,19633,19613,17516,17075,12934,13150,10467,13019,4352,9116,123810,1990,17930,1010,5450,18990,8100,3740,14900,8720,42980,0
3153,3,1,53,Goslar,140137,68053,72084,4932,4642,6970,6429,7883,6716,7081,6833,11266,10954,10037,10152,8660,9505,7947,9787,3277,7066,64950,990,12570,1050,3110,12340,3550,1640,7450,4440,17810,0
3154,3,1,54,Helmstedt,91410,44815,46595,3585,3367,4999,4553,4503,4284,4784,4805,7827,7829,7280,6964,5376,5352,4584,5531,1877,3910,43210,790,12480,950,1720,5820,2410,760,5380,3730,9170,0
3155,3,1,55,Northeim,137445,67254,70192,5522,5001,7591,6980,6709,6239,6924,6891,11355,11630,10800,10500,8168,7969,7258,8816,2927,6166,65520,2240,14740,860,3230,10530,4050,1730,6390,4850,16900,
3156,3,1,56,Osterode am Harz,76785,37334,39452,2803,2638,4023,3745,3426,3098,3644,3689,6271,5994,5765,5868,5150,5150,4353,5247,1899,4023,34750,650,9160,440,1740,5850,1780,780,3140,2460,8750,
3157,3,1,57,Peine,130398,63816,66582,5992,5632,7890,7301,6367,5900,7002,7316,11716,11731,9476,9373,7067,7310,6056,7147,2250,4872,62820,1020,14310,1520,3010,10170,4320,2090,7230,4950,14200,
3158,3,1,58,Wolfenbüttel,120774,59275,61498,5058,4731,6822,6655,6089,5204,5995,6295,10916,10790,9049,8721,7151,7495,5980,7024,2215,4583,58990,930,13040,1000,2650,8710,4130,1270,7520,5050,14670,
3241,3,2,41,Region Hannover,1102240,532471,569771,48259,46925,54587,52562,64838,68512,68731,69305,91643,91068,76217,75586,58787,63208,50364,61989,19045,40616,558770,5520,71690,8090,22300,98500,56770,24470,80460,45180,145800,
3251,3,2,51,Diepholz,211185,104633,106551,9396,8620,12498,11578,10660,9618,11135,11534,19183,18872,15914,15421,12006,11896,10240,11789,3601,7223,111230,4220,23410,1320,6980,21640,9900,3880,10990,7300,21590,
3252,3,2,52,Hameln-Pyrmont,150259,72045,78214,6143,5529,8257,7769,7427,7287,7177,7787,12494,12403,10698,11373,8596,9195,7986,9754,3267,7117,71140,1340,12940,1100,4010,11770,4460,3600,7550,4820,19560,
3254,3,2,54,Hildesheim,277595,133900,143694,11661,10840,15427,14717,14637,16060,14476,15249,23293,23199,20013,19847,15571,16156,13538,16443,5284,11183,132430,1910,26950,1730,6890,22640,8370,3960,13110,10760,36120,
3255,3,2,55,Holzminden,73548,36051,37496,2893,2743,4134,3898,3900,3464,3513,3486,5883,5858,5438,5427,4393,4470,4121,4802,1776,3348,33350,730,8880,480,1980,5620,1650,770,3220,2570,7460,0
3256,3,2,56,Nienburg Weser,122241,60579,61663,5405,5106,7311,6985,6765,5880,6610,6482,10865,10238,9307,8952,6437,6540,5630,6850,2249,4630,61260,2800,14050,800,4130,10100,4140,1510,5240,4900,13590,0
3257,3,2,57,Schaumburg,157496,76362,81135,6438,6115,8967,8602,7592,7227,7902,8091,13583,13668,11393,11649,9203,9345,7985,9667,3299,6771,75880,1430,15610,860,3690,13370,5440,2870,7150,6870,18610,
3351,3,3,51,Celle,176690,86149,90541,8032,7762,10369,9557,9523,8890,9225,9370,14506,14289,12556,13062,10246,10664,8390,10029,3302,6918,85990,2610,13550,1110,5320,15270,5940,2210,8500,9880,21610,
3352,3,3,52,Cuxhaven,198777,97025,101753,8382,8050,11637,10738,9382,8652,9676,10343,16365,16853,14635,14752,12702,12763,10410,11817,3836,7785,97830,5010,13220,1700,6500,17980,9640,2380,9110,10110,22160,20
3353,3,3,53,Harburg,238443,115789,122653,10962,10733,13637,12905,10414,10266,12027,13622,22464,22454,16867,17111,14076,15303,11489,13189,3853,7070,125180,3150,16930,1650,7590,25080,14540,6340,15560,9010,25330,
3354,3,3,54,Lüchow-Dannenberg,49205,24131,25074,2002,1797,2728,2556,2236,1939,2342,2288,3842,3889,3710,3832,3277,3307,2854,3279,1140,2187,22490,1720,4080,490,1420,3700,1120,600,2060,1970,5320,
3355,3,3,55,Lüneburg,174123,84545,89578,8282,7940,10024,9418,9713,10653,10356,10962,15496,15478,11830,11827,9029,9303,7212,8368,2603,5629,88730,1980,12080,810,4820,15650,7560,2950,9710,9300,23860,
3356,3,3,56,Osterholz,110907,54265,56642,4925,4516,6555,6136,5086,4689,5531,6035,10114,10199,8239,8282,6695,7077,5405,6211,1715,3497,57750,1530,9460,1030,3290,10860,5300,1800,6810,4280,13390,
3357,3,3,57,Rotenburg Wümme,162726,81213,81513,7833,7280,10393,9717,9281,8089,9076,8904,14309,14053,11781,11518,8793,8539,7123,8164,2624,5249,87250,4230,14090,640,6990,17160,6650,2270,7720,7580,19910,10
3358,3,3,58,Soltau-Fallingbostel,136693,67258,69435,6324,5595,8181,7759,7488,6628,7175,7296,11439,11825,9978,9791,7510,7615,6611,7845,2552,5081,68870,2650,10880,950,4340,13500,4880,1700,6770,6900,16300,
3359,3,3,59,Stade,195450,97195,98255,9287,8556,11903,11205,10478,9874,11625,10863,17170,16638,13896,13877,10978,11330,8895,9933,2963,5979,100730,4150,18970,1480,6470,17360,10530,3380,11220,6910,20250,10
3360,3,3,60,Uelzen,93596,45440,48155,3732,3743,5232,4933,4716,3972,4655,4999,7819,7783,6844,6954,5368,5587,5076,6053,1998,4131,44080,2250,6570,460,2770,8180,2810,1360,3730,4520,11420,
3361,3,3,61,Verden,132300,64516,67784,6080,5986,7843,7447,6685,6468,6962,7338,11297,11656,9692,9840,7806,7954,6084,6731,2067,4364,66990,2180,12900,830,3610,13070,5210,1870,7430,5400,14490,10
3401,3,4,1,"Delmenhorst, Stadt",73322,35873,37449,3250,2907,4060,3910,4014,4036,4185,4036,6161,5784,4978,5464,4461,4552,3587,4321,1177,2439,34370,,6600,340,1700,7420,3630,760,4770,2090,6840,
3402,3,4,2,"Emden, Stadt",49787,24320,25467,2182,2139,2736,2759,3318,3499,2991,2666,4059,3675,3145,3394,2803,2835,2189,2651,897,1849,23050,,4920,520,800,3690,2200,440,3170,1670,5490,20
3403,3,4,3,"Oldenburg Oldenburg, Stadt",157267,74602,82665,6434,6676,7140,7846,11044,13120,10852,10026,12576,12990,10335,10593,7850,8369,5958,7679,2413,5366,83560,,9010,1090,3330,14900,6670,2530,11860,6570,27080,10
3404,3,4,4,"Osnabrück, Stadt",153699,73134,80565,5942,6326,7286,6380,12071,13466,10331,10096,11801,11863,9660,9988,7063,7955,6269,8393,2711,6098,79830,,10940,820,3500,14980,7350,2020,11110,4620,24010,
3405,3,4,5,"Wilhelmshaven, Stadt",77451,37978,39473,2849,2601,3727,3534,5928,4664,3740,3567,5882,5900,5296,5246,4763,5318,4270,5174,1523,3469,34740,,3940,870,1870,5690,2360,630,4570,5680,8880,
3451,3,4,51,Ammerland,117912,57703,60209,5523,5229,7096,6872,5870,5535,6220,6344,10372,10486,8218,8525,6656,6991,5813,6544,1935,3683,60740,4180,8740,850,3950,12960,4340,1760,5740,4500,13720,10
3452,3,4,52,Aurich,187136,91373,95762,8654,8013,11766,11084,9549,8965,9844,10387,15660,15779,12950,13882,11390,11425,8560,10143,3000,6084,87080,3180,15400,2100,6240,17400,4890,2040,8340,8520,18920,30
3453,3,4,53,Cloppenburg,159337,80218,79119,9183,8649,11419,10697,10559,9453,10020,9097,13700,12993,10956,10354,6577,6564,5746,6996,2058,4316,82500,4960,22780,980,7550,13090,4340,1560,7770,3430,16040,0
3454,3,4,54,Emsland,311089,156408,154681,15462,14686,20346,19252,19827,17515,19313,17758,27143,25185,22103,21334,15297,15177,12528,14880,4389,8894,163110,7440,37750,2410,14580,26880,8870,3700,15070,10010,36390,
3455,3,4,55,Friesland,98229,47860,50369,4136,3754,6063,5618,4437,4330,4722,4917,8211,8651,6861,6962,6308,6583,5300,5939,1822,3615,48070,1630,6750,870,2710,9080,2990,1260,4900,6340,11540,0
3456,3,4,56,Grafschaft Bentheim,133395,66200,67195,6662,6184,8526,8380,7676,6919,7270,7491,11645,11178,9467,9076,6838,6843,5805,6813,2311,4311,70120,2800,15340,1050,6010,13450,4160,1800,6470,4070,14960,0
3457,3,4,57,Leer,163832,80830,83002,7691,7486,10110,9943,9354,8356,9334,9021,14221,13567,11124,11432,9120,9216,7373,8785,2503,5196,78200,3680,14060,1150,6160,14780,5940,1940,7850,5670,16960,0
3458,3,4,58,Oldenburg,125015,61588,63426,5998,5366,7592,7462,5879,5631,6259,6927,11825,11884,9387,9057,6897,6976,5795,6321,1956,3802,66440,2870,11640,1070,4090,12280,5230,2040,7170,5130,14930,10
3459,3,4,59,Osnabrück,350147,172481,177666,16865,16406,22309,21110,19875,17943,19450,19774,30286,29928,25736,25009,17034,17447,15127,18137,5799,11912,187000,6000,47110,2250,10940,34430,13540,4120,17530,9160,41930,
3460,3,4,60,Vechta,132293,66111,66183,7350,6883,9012,8588,9023,8499,8199,8246,11615,10912,9181,8631,5519,5358,4496,5466,1716,3600,73810,3710,22070,600,5250,12310,3580,1510,5800,3240,15740,0
3461,3,4,61,Wesermarsch,90033,44693,45342,3873,3642,5720,5183,4747,4076,4451,4465,7920,7708,6601,6538,5340,5349,4405,5079,1636,3302,44230,2250,10210,1030,2260,7140,3630,760,4650,3040,9270,
3462,3,4,62,Wittmund,56839,27654,29185,2434,2446,3338,3516,2958,2705,2947,2949,4634,4606,3968,4192,3582,3560,2800,3149,993,2062,27430,1450,3750,620,2110,5870,1380,770,2660,3040,5780,10
4011,4,0,11,"Bremen, Stadt",542707,263382,279325,22490,20504,25492,23963,39118,39006,35068,33624,43402,42185,35290,36593,29513,32022,23849,30602,9160,20826,266810,,36490,3610,8940,47470,30700,6170,43270,12970,76240,10
4012,4,0,12,"Bremerhaven, Stadt",108156,52720,55436,4620,4506,5487,5318,7178,6527,6462,5559,7979,8114,7319,8237,6381,6522,5226,6399,2068,4254,47950,,7660,760,2210,7880,5970,840,6710,3650,11940,10
5111,5,1,11,"Düsseldorf, Stadt",586291,281487,304804,26065,24799,24143,22819,34472,40424,43848,45305,51982,45693,37120,39382,29142,33672,25318,31844,9397,20866,304610,,32740,4370,11430,56440,34560,14580,59030,19610,70760,0
5112,5,1,12,"Duisburg, Stadt",488468,237830,250638,21353,20460,26079,24440,29840,29781,29528,29409,40490,37833,34511,34712,24402,26878,22742,28441,8885,18684,216120,,39090,4200,11110,37280,22060,5500,30640,14530,50810,0
5113,5,1,13,"Essen, Stadt",566201,270733,295468,23254,22706,26716,25934,33919,36507,33661,33908,46488,43637,39707,41360,30435,33659,25874,34274,10679,23483,265420,,28380,5480,14610,46010,24780,7670,43850,16410,77230,0
5114,5,1,14,"Krefeld, Stadt",222247,106753,115494,9476,9479,11339,11423,12489,12454,12202,12664,18874,18456,15685,16425,12118,13344,10683,12972,3887,8277,107290,1210,18730,1530,5160,20380,9350,2860,16180,6310,25580,10
5116,5,1,16,"Mönchengladbach, Stadt",255188,123761,131427,10994,10350,14254,12525,15435,15631,13870,14642,20953,21421,18526,18832,13702,14550,11742,14408,4285,9068,120830,,20500,1620,7060,23430,10680,3820,17150,7850,27760,
5117,5,1,17,"Mülheim an der Ruhr, Stadt",166865,79165,87700,6694,6582,8034,7508,8984,8533,8524,9431,13091,14442,12356,12630,9278,10705,8565,10828,3639,7041,79060,,12060,1170,3560,14120,6810,2920,12340,6040,19570,
5119,5,1,19,"Oberhausen, Stadt",210216,102088,108127,8682,7845,10777,10557,12069,12149,12397,11649,17638,17059,15790,16446,11377,12115,9759,12504,3599,7803,97160,,16630,2130,6510,17380,8730,2930,13050,5880,23630,
5120,5,1,20,"Remscheid, Stadt",110708,53810,56898,4726,4424,5781,5934,6025,5908,5959,6292,9641,9167,8094,7912,6321,6679,5356,6460,1907,4122,52940,,15950,450,2940,8500,2930,1370,5990,2970,11560,
5122,5,1,22,"Solingen, Stadt",155265,74331,80934,7001,6626,8489,8234,8357,8687,8543,8382,13006,13931,10839,11207,8036,8377,7262,9407,2798,6083,76910,,18580,1260,3200,13820,5420,2420,8930,4830,17860,
5124,5,1,24,"Wuppertal, Stadt",342661,164777,177884,15147,14312,17559,16885,21654,20737,19591,19638,28333,28134,22779,24460,18560,20065,15426,20005,5728,13648,161550,,36010,2670,6600,27500,11890,5920,20910,10570,39110,0
5154,5,1,54,Kleve,300989,148241,152749,13700,12988,18110,17168,16732,16014,16507,16184,26797,26517,22873,22400,15862,16303,12922,15422,4738,9753,156290,7260,27780,2080,10010,29260,11360,4360,15930,10610,37620,20
5158,5,1,58,Mettmann,477778,229244,248533,20395,19496,25129,23580,22707,23448,23874,25952,41021,42601,34985,35376,27064,30917,25225,29916,8844,17247,240830,1520,49320,3160,9430,44020,21580,9680,32870,17010,52230,
5162,5,1,62,Rhein-Kreis Neuss,437393,211560,225833,20350,18259,24003,22495,21349,22449,23895,25532,38403,38895,32049,32644,23243,26476,21018,25067,7250,14016,217920,2340,34480,4430,8370,41730,22110,11210,31560,14400,47270,20
5166,5,1,66,Viersen,296175,143564,152612,12498,12282,17366,17139,15109,14414,14712,16165,27315,27050,22235,22415,15761,16938,13684,16378,4884,9831,149490,3280,27870,2190,8310,28320,11870,5350,18490,10290,33500,10
5170,5,1,70,Wesel,460419,223209,237211,18794,18048,25403,24455,24464,23431,23319,24696,39383,40306,35954,36859,25351,27016,22119,26422,8422,15978,225260,3540,42840,4780,12960,40300,17690,7110,26120,15950,53970,0
5314,5,3,14,"Bonn, Stadt",305765,144456,161309,15370,13996,13800,14457,22288,24415,20898,22390,23626,25139,18707,19890,13172,15488,11394,14416,5201,11118,157570,,9960,1020,4410,20830,18390,4810,25200,18780,53420,0
5315,5,3,15,"Köln, Stadt",1005775,487688,518087,46129,42569,44748,43106,69597,78403,79160,78881,86251,81083,60621,64934,46609,52143,40042,47058,14531,29910,516240,1250,53670,6820,19360,86960,65620,23840,89260,29660,139790,10
5316,5,3,16,"Leverkusen, Stadt",158984,76722,82262,7116,6852,8198,7689,9009,8705,8489,9801,13768,13491,10734,11386,8032,8903,8364,9737,3012,5698,75730,,15260,1310,3350,13250,7420,2470,11810,3610,16930,
5334,5,3,34,Städteregion Aachen,539516,267672,271843,22888,22368,28804,26386,45804,35483,31927,31184,43408,42183,35674,38032,26959,29006,23201,28635,9007,18566,262860,1700,43020,3800,11640,42020,21890,6850,39500,17850,74550,30
5358,5,3,58,Düren,258760,127124,131637,11629,10675,15544,14645,14380,14050,13949,13718,21870,22226,19774,19709,13902,14211,11756,13818,4320,8585,125040,1660,24170,2780,7090,20940,8850,3650,16380,10640,28880,10
5362,5,3,62,Rhein-Erft-Kreis,451514,219066,232449,20674,19303,25051,23978,23887,23669,24408,26513,39744,39805,32964,33592,24462,27327,20598,24391,7278,13871,223720,1990,33600,5620,10930,40970,22050,12150,31280,17010,48100,0
5366,5,3,66,Euskirchen,187940,92313,95626,8162,7917,11386,10742,10127,9214,9558,9987,16452,16712,14797,14267,10185,10391,8479,9928,3167,6468,94540,1760,16180,1250,6310,15840,7860,3370,10300,9300,22380,
5370,5,3,70,Heinsberg,248161,121712,126449,11218,10560,15158,14461,13733,12900,13296,13758,21328,21929,19379,18688,12755,13159,10838,12980,4007,8014,121280,2270,21670,1560,9020,22690,9190,3970,13460,9300,28120,20
5374,5,3,74,Oberbergischer Kreis,273011,132850,140161,12592,12332,16614,16219,15522,14236,14349,14875,22955,23160,19926,20153,13845,14339,12413,15101,4634,9746,135120,1940,39010,1580,6850,21620,7360,3800,14800,7040,31110,0
5378,5,3,78,Rheinisch-Bergischer Kreis,278183,134372,143810,12556,11898,16153,15023,13130,12557,13040,15127,24557,25764,20363,20497,15017,17055,14266,16103,5290,9786,140400,1210,23990,1730,7190,23310,11630,6720,20460,9170,34990,
5382,5,3,82,Rhein-Sieg-Kreis,578252,281023,297229,26994,25898,34194,32594,30852,30297,29613,32713,50188,51574,42392,43090,30845,33679,26590,29726,9355,17658,293410,3380,40290,3570,14480,47950,29010,11620,38440,34930,69700,40
5512,5,5,12,"Bottrop, Stadt",117311,56582,60729,4860,4663,6288,5986,6579,6327,6747,6594,9945,9703,9055,9146,5866,6926,5106,6728,2136,4656,55100,,9080,1210,3380,9630,4470,1600,7220,3590,14410,
5513,5,5,13,"Gelsenkirchen, Stadt",258766,126634,132132,11153,10593,14123,12961,15993,15248,15533,15102,21371,19589,18947,19084,13668,14361,11058,14653,4788,10541,105050,,16900,2010,6680,19500,8980,2420,15330,6610,26150,
5515,5,5,15,"Münster, Stadt",289576,137991,151585,12110,11763,13060,12394,26808,30853,20124,19663,22203,22061,18002,18058,11596,13273,9753,13577,4335,9943,157760,,12600,1710,4850,26430,12490,7160,21610,12990,56860,0
5554,5,5,54,Borken,363755,180204,183550,18550,17416,24419,23272,21897,20584,20887,20749,32761,31519,25161,25042,16780,16811,14682,17724,5067,10433,193490,6130,50320,2720,14870,35230,11420,4490,17840,9080,41380,10
5558,5,5,58,Coesfeld,215269,105292,109977,9927,9425,14275,13532,11610,10841,11140,11825,19232,19282,16406,16435,10751,11020,8734,10548,3217,7069,114130,3740,19900,1600,6590,20360,7040,4540,11790,9210,29370,0
5562,5,5,62,Recklinghausen,619382,300016,319366,25571,24005,34276,31861,34280,31499,33172,34802,51583,51892,47293,49285,33952,36345,28060,35572,11829,24105,282950,2630,47080,6580,17070,47470,21630,7630,37520,22440,72900,0
5566,5,5,66,Steinfurt,433659,213608,220052,21090,19931,28737,26872,24779,22802,23603,23988,38272,38455,31316,30358,20833,21381,18439,22402,6539,13863,224790,4380,48420,2680,13000,41240,18270,6260,23600,16780,50160,
5570,5,5,70,Warendorf,273477,133765,139712,13186,12421,16867,16404,15053,14034,14352,15367,23985,23166,19834,19914,14044,14390,11816,14396,4628,9620,138310,3480,36530,1590,7220,22420,7550,4310,15390,8370,31430,
5711,5,7,11,"Bielefeld, Stadt",326870,157311,169559,15584,14279,16858,16391,22871,24600,20865,20663,26262,24213,19626,21831,15197,16778,13944,17984,6104,12820,156230,,28270,2410,5560,28210,12900,3670,18780,7680,48130,0
5754,5,7,54,Gütersloh,350420,172971,177448,17249,16245,21830,20640,20672,19133,20458,20345,30760,30658,24933,24467,16607,17092,14871,17529,5591,11339,182690,3020,56490,1560,8970,30650,13330,3930,21490,7830,35420,
5758,5,7,58,Herford,250704,121741,128963,11375,10587,14768,13391,14022,13254,13363,13996,21158,21106,17942,18251,12655,13332,11568,14728,4890,10318,125200,1170,33980,2030,6280,22170,8680,2940,12870,6520,28560,0
5762,5,7,62,Höxter,145678,71872,73807,6610,6243,9033,8564,8435,7355,7579,7632,12193,11749,11091,10681,7399,7508,6853,8281,2679,5794,71700,1750,18100,760,4130,12520,4570,1870,5580,4840,17570,
5766,5,7,66,Lippe,348681,168817,179864,16158,15802,20779,19947,19856,18221,17671,18496,27748,28812,25174,25077,17827,18960,16617,20349,6987,14200,170350,2750,40510,1890,9080,29680,10200,4890,17210,10930,43210,
5770,5,7,70,Minden-Lübbecke,312169,152164,160005,14461,13818,18798,17762,17524,16016,16583,16729,25840,25917,22694,22724,15662,16297,14431,17886,6171,12856,151580,2490,39760,2030,7450,27520,8740,3470,16110,7600,36400,0
5774,5,7,74,Paderborn,294602,145738,148864,14551,13951,17660,17118,21650,19694,18322,18035,24218,23599,21452,20386,12959,13363,10843,13651,4083,9067,153940,2600,37380,1450,7920,26110,12920,3070,15260,8340,38880,0
5911,5,9,11,"Bochum, Stadt",362286,173937,188349,13770,13567,15495,16063,24665,25764,21961,20818,29091,27905,26578,25689,19130,21517,16443,21836,6804,15190,172920,,26320,2880,7690,26420,14800,4310,23760,14930,51300,0
5913,5,9,13,"Dortmund, Stadt",571143,277274,293869,24317,22707,27903,27180,37922,37937,36827,35235,47622,44120,39429,40139,28579,32603,24712,32667,9963,21281,264900,,34460,4220,13230,47790,27190,8310,37320,17340,74140,0
5914,5,9,14,"Hagen, Stadt",187944,90563,97381,8122,7252,9680,9955,10507,10840,10291,10279,15194,15186,13580,13350,10306,11168,9187,11552,3696,7799,87160,,19910,1480,3450,14300,7740,1470,10930,6400,21160,
5915,5,9,15,"Hamm, Stadt",176037,85535,90502,7883,7820,10613,9675,10096,10155,10315,10676,14561,13590,12109,12809,9252,9746,7565,9618,3141,6413,81560,,14970,1520,4890,14070,7290,2470,10230,5770,19900,0
5916,5,9,16,"Herne, Stadt",155160,74610,80550,6611,5812,8097,8002,8385,8842,8938,9122,13321,11802,10868,11802,8567,9013,6894,9256,2929,6899,66890,,10830,1380,4750,11000,5810,1440,9510,5150,16880,
5954,5,9,54,Ennepe-Ruhr-Kreis,326049,157137,168913,12771,12118,17211,15606,17020,16625,16574,17382,28050,28404,24269,25581,18852,20154,16201,19923,6189,13120,159780,1220,36030,2820,6690,26560,11530,4660,18180,12160,39900,10
5958,5,9,58,Hochsauerlandkreis,266509,131467,135044,11721,11257,16696,15151,15190,13194,14109,14394,23110,22096,19561,19604,13723,13930,12429,15262,4928,10156,136860,2920,42220,1590,7190,22930,6780,3100,11080,7320,31730,
5962,5,9,62,Märkischer Kreis,423819,206697,217121,18640,17667,24689,23697,24378,22758,22808,22728,36437,35916,30648,31250,22230,23916,19905,24298,6962,14891,208940,1700,79080,2380,8330,28830,10550,4470,20260,10550,42800,
5966,5,9,66,Olpe,136491,67847,68643,6461,5852,8346,8239,8054,7369,7898,7729,12320,11754,10139,9511,6758,6631,5692,6954,2179,4604,72170,950,28280,730,3670,10050,3540,1420,6150,3320,14050,
5970,5,9,70,Siegen-Wittgenstein,276834,135507,141327,11774,11203,15631,14777,17261,16879,15358,14980,22981,22084,20156,20512,14390,15294,13055,15696,4901,9902,141650,1030,44170,1300,6800,23260,8360,3340,14240,7520,31620,
5974,5,9,74,Soest,296875,145297,151578,13367,12996,17687,16789,16596,15200,16110,16822,26177,25233,22057,21749,14974,15738,13310,16366,5019,10685,149360,3620,38460,1750,7140,25640,8790,3410,15060,8540,36960,10
5978,5,9,78,Unna,396060,191806,204254,16392,15839,22437,21175,21242,19855,21151,21947,33675,33836,30149,30535,21745,23454,17935,22814,7080,14799,182830,1290,34780,4100,9150,31500,17500,5920,21940,12900,43760,0
6411,6,4,11,"Darmstadt, Wissenschaftsstadt",143499,71313,72186,6729,6485,6199,6084,13517,11104,10977,9011,11328,10727,8384,9356,6769,7485,5025,6601,2385,5333,73820,,8890,730,2350,10870,9520,1990,13900,5790,19340,
6412,6,4,12,"Frankfurt am Main, Stadt",667925,326928,340997,32249,30899,26858,26250,46670,51661,57386,58204,58719,52744,41293,40901,32256,32775,22281,27708,9216,19855,362780,940,24050,3380,14380,58480,46840,32370,80670,21610,80050,10
6413,6,4,13,"Offenbach am Main, Stadt",113443,55529,57914,6007,5553,5591,5529,7452,7956,7851,7928,9552,8695,7210,7392,5726,6195,4392,5224,1748,3442,55310,,6160,720,2940,10500,6780,2210,11130,2720,11970,
6414,6,4,14,"Wiesbaden, Landeshauptstadt",269121,127873,141248,13328,12641,12252,12675,15950,17567,17858,19532,22003,22175,17306,17787,13695,15594,10811,13436,4670,9841,136130,,13990,1840,5550,22010,13870,8000,24000,14480,31520,0
6431,6,4,31,Bergstraße,260741,127392,133349,10944,10124,14322,13565,14025,13070,13870,14667,22946,22990,19709,19926,14660,15838,12340,14125,4576,9044,137310,1510,30100,2070,7760,23840,12160,4590,16840,8970,29460,
6432,6,4,32,Darmstadt-Dieburg,282601,139106,143495,12784,12068,15836,14889,15420,14650,15791,16932,25791,25072,20707,21108,16045,16598,12297,13814,4435,8364,149520,1620,27650,1350,7420,26440,16230,5830,19430,13210,30340,
6433,6,4,33,Groß-Gerau,251050,123534,127515,11741,11377,13522,12787,14943,14690,15688,16207,22129,20978,16932,17381,13655,14315,10905,12373,4019,7407,129340,1320,21210,1440,5100,23100,20830,5700,19460,9410,21750,20
6434,6,4,34,Hochtaunuskreis,226130,108316,117814,11158,10364,12020,11490,9963,10216,12144,13481,19965,21108,15242,16177,12895,14392,10516,12250,4413,8336,116080,630,13710,780,4090,19120,11140,11720,21880,8980,24020,
6435,6,4,35,Main-Kinzig-Kreis,400862,195335,205527,17444,17140,21575,20780,22286,21049,23006,24081,34961,34190,28781,29911,22372,23971,18065,21245,6845,13160,206840,2230,38320,2620,10950,38870,18370,10600,28850,17120,38910,
6436,6,4,36,Main-Taunus-Kreis,224059,108556,115503,11363,10414,11212,10884,10648,10565,13413,14743,20156,20636,14991,15769,12424,13675,10286,11971,4063,6846,117450,780,14280,1190,3930,19750,12970,10550,22530,9170,22300,0
6437,6,4,37,Odenwaldkreis,96613,47447,49166,4029,3799,5530,5279,5524,4917,4885,5268,7910,7949,7423,7350,5619,5674,4633,5277,1894,3653,48750,840,12690,360,2920,8400,3140,1470,4940,4170,9800,
6438,6,4,38,Offenbach,332327,161926,170402,15455,14528,16807,16018,17678,18130,20133,21012,29101,28304,23242,24199,18830,20480,14955,17417,5725,10314,172630,670,25650,1980,7450,32040,22170,10500,29760,12470,29940,
6439,6,4,39,Rheingau-Taunus-Kreis,180226,87828,92398,7971,7435,9829,9346,9019,8350,9104,10366,16181,16197,13110,13732,10887,11328,8586,9656,3141,5988,95310,1680,12620,1190,4610,15860,8520,6010,13390,10960,20470,
6440,6,4,40,Wetteraukreis,292573,143143,149430,13260,12400,16460,15658,15398,15184,16623,17141,26087,26112,21377,21424,15995,16435,12814,14980,5129,10096,151360,1880,21660,1870,8070,27050,12860,10660,22610,12740,31960,0
6531,6,5,31,Gießen,251238,122259,128979,10701,10041,13217,12327,18488,20128,14996,14938,20050,19650,17409,17927,12623,13074,10438,12308,4337,8586,128130,980,19450,1370,5710,24630,8780,4010,14430,12920,35850,0
6532,6,5,32,Lahn-Dill-Kreis,253441,123603,129838,11230,10535,14354,13976,14581,13793,13804,14394,21388,21211,18417,18470,13751,14120,11566,14065,4512,9274,127980,940,37960,1170,5640,19660,8160,3800,12780,10950,26930,10
6533,6,5,33,Limburg-Weilburg,170696,83913,86783,7670,7373,9924,9423,9747,8884,9499,9561,14742,14648,12821,12827,8985,9188,7528,8827,2997,6052,85530,790,15250,730,6050,14710,7070,3620,10220,9000,18080,
6534,6,5,34,Marburg-Biedenkopf,241226,117523,123703,10571,9944,12991,12550,18030,19475,14211,14066,19322,18829,16650,16763,11522,12072,10186,12055,4040,7949,123860,1190,29880,1350,5240,17640,6440,3250,12120,10860,35840,30
6535,6,5,35,Vogelsbergkreis,108509,53687,54823,4186,4015,5956,5716,5774,5073,5742,5707,8866,8794,8997,8529,6063,5851,5571,6640,2532,4498,55160,1420,12970,590,3740,9340,3630,1710,4290,5400,12070,
6611,6,6,11,"Kassel, documenta-Stadt",190765,91488,99277,8357,7722,8708,8743,14775,15849,12208,11681,14618,14314,12537,12756,9378,10568,7469,9694,3438,7950,93090,,13340,1310,3150,15220,6970,2180,12680,8610,28760,10
6631,6,6,31,Fulda,216179,105791,110388,9863,9479,12987,12448,13152,12413,12190,12532,18176,17744,15115,15188,10552,10967,9576,11433,4180,8184,110120,2210,22730,1140,6960,18960,9670,2940,12130,10340,23020,20
6632,6,6,32,Hersfeld-Rotenburg,120694,59300,61394,5010,4784,6459,6062,6480,5922,6373,6371,9937,9597,9269,9078,6949,7015,6030,7422,2793,5143,58300,1490,12520,460,3050,11390,5170,1460,5250,5870,11640,0
6633,6,6,33,Kassel,234933,114155,120778,9380,8873,13014,12023,11296,10698,11547,12613,19827,20368,17738,17869,14554,15153,12234,14112,4565,9069,119280,1780,25730,1570,5030,20260,9280,3620,12570,12880,26550,
6634,6,6,34,Schwalm-Eder-Kreis,181851,90065,91785,7517,6917,10177,9532,10026,8934,9786,9723,15488,15367,14035,13696,10508,10117,8973,10478,3555,7021,91250,2010,22980,940,4260,15420,6720,2400,7530,9190,19790,10
6635,6,6,35,Waldeck-Frankenberg,158990,78194,80796,6892,6416,9212,8651,8789,7688,8073,8643,13510,13193,11970,11826,8562,8759,7897,9201,3289,6419,80880,1800,20990,710,4400,13440,4100,1940,7130,6530,19830,0
6636,6,6,36,Werra-Meißner-Kreis,102124,49658,52466,3791,3781,5298,5128,5117,4825,4893,4981,8406,8350,8121,7822,6231,6400,5487,6558,2314,4621,49040,1520,9730,360,2950,8680,3000,1460,4540,5020,11770,0
7111,7,1,11,"Koblenz, Stadt",107825,51652,56173,4324,4285,4701,4871,7440,7955,7042,6415,8280,7948,7173,7563,5698,6035,4900,6316,2094,4785,56340,,6150,620,2210,10480,4910,2160,6720,7780,15010,
7131,7,1,31,Ahrweiler,125883,61297,64588,4865,4718,7062,6772,6515,6158,5997,6391,10830,10708,9770,9454,7069,7505,6481,7594,2708,5288,64900,1100,9850,590,3960,12460,4790,2300,6150,7630,16070,
7132,7,1,32,Altenkirchen Westerwald,130570,64263,66307,5702,5341,7900,7365,7405,6870,6724,6946,11104,10839,9975,9646,6951,7235,6077,7349,2425,4716,66470,560,19050,640,4150,11190,4440,1440,5810,4240,14950,
7133,7,1,33,Bad Kreuznach,155599,75262,80337,6485,6492,8571,8169,8529,7841,8015,8585,13020,13102,11775,12113,8766,9225,7179,8694,2922,6116,78820,1700,15830,800,4680,14420,5390,2390,8370,5920,19320,0
7134,7,1,34,Birkenfeld,82778,40614,42164,3335,3051,4385,4167,4841,4313,4125,3953,6650,6636,6625,6752,4580,4517,4318,5265,1755,3510,41690,600,9530,680,2830,7020,2050,1000,3380,4330,10280,
7135,7,1,35,Cochem-Zell,64188,31923,32264,2625,2509,3634,3364,3668,3063,3186,3195,5515,5313,4991,4721,3574,3497,3357,3874,1373,2728,33450,930,5380,330,2260,6930,2080,890,2580,4370,7710,
7137,7,1,37,Mayen-Koblenz,210307,102955,107353,9051,8587,11884,11011,11311,11110,11359,11667,18237,18071,16266,16399,11397,11446,9763,11470,3687,7592,110180,1220,19830,1520,6350,20150,8560,3860,10260,12430,26000,0
7138,7,1,38,Neuwied,180674,88216,92456,7829,7548,10949,9979,9859,9186,9003,9615,15046,15208,13807,13796,9660,10031,8542,10163,3521,6930,90690,900,20680,1180,5870,14070,6870,2570,9510,7110,21930,
7140,7,1,40,Rhein-Hunsrück-Kreis,102323,50388,51934,4334,4070,6008,5652,5550,5249,5524,5444,8629,8592,8089,7936,5520,5476,4674,5599,2060,3916,54680,1030,10520,440,4300,10030,4570,1910,4650,5080,12160,
7141,7,1,41,Rhein-Lahn-Kreis,123203,60524,62679,5099,4707,6745,6470,6597,6127,6499,6404,10366,10318,9468,9495,7283,7299,6082,7079,2385,4780,63800,1070,11830,820,3830,10710,4750,1940,6520,7240,15090,
7143,7,1,43,Westerwaldkreis,200058,98763,101296,8994,8635,11868,11166,11246,10372,11027,11248,17761,17406,15105,14774,10448,10576,8874,10338,3440,6781,105790,1010,25640,1060,7650,18530,8000,2840,9530,9020,22500,0
7211,7,2,11,"Trier, Stadt",105671,50379,55292,4327,3893,4395,4477,10114,12281,7375,6343,7754,7443,6377,6767,4415,4742,3876,5204,1746,4142,57880,,6710,800,2880,12460,3760,3110,6430,4100,17320,
7231,7,2,31,Bernkastel-Wittlich,112319,55537,56783,4675,4521,6237,6014,6389,5618,6094,6092,9642,9228,8859,8596,6045,5918,5413,6336,2183,4460,60850,3020,14110,660,4830,11010,3550,1500,4260,5190,12720,
7232,7,2,32,Eifelkreis Bitburg-Prüm,95775,47499,48275,4296,3952,5777,5535,5604,5179,5039,5058,8244,8007,7617,7013,4760,4718,4316,5149,1846,3664,52030,2890,10970,760,4480,9200,2840,1850,3640,3590,11800,
7233,7,2,33,Vulkaneifel,61947,30650,31297,2549,2391,3697,3552,3433,2963,3070,3104,4967,4987,4941,4689,3427,3478,3244,3588,1322,2545,31940,870,7290,330,2390,5600,1890,780,2370,3210,7210,
7235,7,2,35,Trier-Saarburg,142228,69881,72347,6388,6177,8180,7717,7644,7291,7865,8320,12874,12656,11243,10783,7143,7100,6175,7320,2369,4983,77850,2220,13840,1250,6100,13770,5230,4310,5610,6740,18780,
7311,7,3,11,"Frankenthal Pfalz, Stadt",46415,22369,24046,2039,1856,2378,2335,2574,2820,2697,2671,3642,3541,3380,3363,2333,2832,2386,2808,940,1820,21930,,5730,330,1250,3650,1680,540,2670,1350,4560,
7312,7,3,12,"Kaiserslautern, Stadt",96340,47703,48638,3824,3482,4579,4364,9189,7602,5608,5477,7374,6776,6759,6684,4585,5474,4053,5224,1732,3555,46260,,6100,700,2220,8370,3300,1020,7180,3360,13880,
7313,7,3,13,"Landau in der Pfalz, Stadt",43361,20453,22908,1761,1733,2171,1983,2986,3860,2530,2611,3618,3539,3053,2893,1997,2301,1706,2266,631,1722,23290,,3520,310,1030,4510,1400,540,2690,1540,7410,
7314,7,3,14,"Ludwigshafen am Rhein, Stadt",157584,77275,80309,7869,7113,7963,7965,10338,10228,10106,9829,13199,12186,10100,10714,7862,8507,7042,8333,2796,5434,73260,390,17240,1450,5190,11060,6800,1760,11090,3160,15110,0
7315,7,3,15,"Mainz, Stadt",200344,96250,104094,8657,7572,8541,7667,18231,21943,14695,14056,14646,14402,11507,12803,9254,9917,7526,9228,3193,6506,108590,,10510,1150,3230,15610,14190,4430,16990,8650,33200,
7316,7,3,16,"Neustadt an der Weinstraße, Stadt",52164,25087,27077,2266,2067,2582,2449,2850,2920,2546,2652,4311,4183,4044,4132,2730,3146,2580,3140,1178,2388,26000,660,4420,340,1460,4350,1810,760,3380,1920,6910,
7317,7,3,17,"Pirmasens, Stadt",40887,19591,21296,1595,1447,2016,1929,2251,2096,1971,2051,3257,3085,3223,3186,2167,2483,2138,3008,973,2011,17400,,3900,240,860,3540,1030,280,1700,1350,4400,
7318,7,3,18,"Speyer, Stadt",49540,23742,25798,2261,2149,2479,2450,2754,2740,2687,2983,4257,3952,3590,3872,2617,2973,2217,2745,880,1934,25300,,4740,350,1280,4250,2080,690,3040,2090,6610,
7319,7,3,19,"Worms, Stadt",79207,38090,41117,3691,3465,4106,4124,4667,5191,4696,4600,6513,6292,5503,6142,4202,4143,3414,4189,1298,2971,39500,,8440,1060,2270,6690,3780,750,4840,2240,9000,
7320,7,3,20,"Zweibrücken, Stadt",34200,16767,17433,1388,1246,1803,1612,2403,2007,1873,1808,2592,2541,2606,2691,1773,1974,1622,2102,707,1452,16140,,3500,280,830,3200,1020,460,1830,1110,3730,
7331,7,3,31,Alzey-Worms,125112,61947,63166,5682,5319,7479,6968,7039,6350,6831,7086,11037,11172,10300,10180,6693,6425,4951,5730,1935,3936,67840,3050,12960,1010,3920,11000,6680,2450,7530,4930,14290,
7332,7,3,32,Bad Dürkheim,131085,63784,67301,5254,4952,7326,6777,6134,5818,6117,6864,11460,11680,10516,10588,7910,8275,6568,7539,2499,4808,66740,2410,15580,1050,3730,11000,4390,2060,7340,4630,14550,
7333,7,3,33,Donnersbergkreis,76032,37461,38569,3362,3263,4479,4272,4156,3742,4023,4138,6492,6541,6246,6087,4090,3971,3290,3843,1323,2712,38710,840,9890,440,2360,5660,2190,960,4150,3030,9180,
7334,7,3,34,Germersheim,123913,61234,62679,5749,5212,7107,6943,7262,7251,7081,7393,11031,10531,9658,9435,6380,6355,5320,6106,1646,3453,66530,950,16650,1260,3420,11140,5130,2080,7810,4660,13430,
7335,7,3,35,Kaiserslautern,105283,51460,53823,4598,4288,6227,5856,5787,5474,5391,5759,8680,8841,8627,8527,5531,5552,4701,5827,1918,3699,53360,940,10280,830,2910,8250,3510,1460,5660,4760,14770,0
7336,7,3,36,Kusel,72781,35908,36875,2867,2701,4031,3740,3975,3605,3586,3723,6085,5879,6231,6005,4006,3957,3578,4333,1549,2932,36480,450,9910,410,2110,5470,2000,830,3150,3150,8980,
7337,7,3,37,Südliche Weinstraße,108244,53041,55203,4494,4218,6063,5820,5570,5283,5502,5626,9526,9498,8675,8563,6036,6176,5256,6127,1919,3892,58330,2730,11830,700,3240,10160,3420,1740,5750,4600,14170,
7338,7,3,38,Rhein-Pfalz-Kreis,146870,71749,75119,6062,5751,8033,7590,7303,7071,7438,8027,12851,13087,11578,11461,8321,8937,7493,8272,2670,4923,75740,1690,18560,1410,4110,11600,5830,2540,8230,5480,16280,0
7339,7,3,39,Mainz-Bingen,200672,98168,102504,9376,8762,11175,10716,10423,10022,11071,11976,18344,18477,15436,15706,10981,11156,8359,9699,3003,5990,110830,2610,18470,1320,5080,18280,11810,5240,13180,9650,25200,0
7340,7,3,40,Südwestpfalz,98426,48470,49956,3601,3387,5425,5067,5200,4643,4729,4921,8389,8442,8178,8013,5517,5599,5429,6312,2002,3572,50250,830,11420,620,3290,9120,2670,1290,4240,4510,12260,
8111,8,1,11,"Stuttgart, Landeshauptstadt",585890,287085,298805,26298,25219,25745,24460,46992,47059,46585,44412,46110,43421,34523,35250,28331,30719,23367,28485,9134,19780,314950,1340,48840,2610,11950,47680,33250,12220,59140,19100,78690,130
8115,8,1,15,Böblingen,363950,178710,185239,17930,16750,20925,19780,20244,20451,22579,22659,31199,30534,24993,25440,18870,20350,16162,18548,5808,10727,190890,1390,50860,1470,7720,31920,17110,6620,27030,11820,34920,40
8116,8,1,16,Esslingen,502892,246221,256672,24289,22601,27680,26487,28799,28235,30934,31377,42935,42588,33662,34745,26674,28519,22674,26484,8574,15636,267770,2030,71510,2360,12950,42550,23650,9130,34000,16580,53010,0
8117,8,1,17,Göppingen,247408,121268,126139,10949,10691,14489,13644,14546,13204,13697,14127,20818,20135,17380,17601,13347,14211,11533,13553,4509,8973,129170,1300,39240,1300,7720,20390,8350,3860,12650,8560,25810,
8118,8,1,18,Ludwigsburg,509871,250121,259750,24811,23552,28237,27123,28735,28889,32380,32666,44088,42819,34730,35314,26455,28113,22486,25909,8199,15365,271580,3510,69010,2640,12730,40980,24120,11410,35860,18340,52980,10
8119,8,1,19,Rems-Murr-Kreis,406874,198975,207899,18897,17987,23415,22547,22619,21397,23235,23838,35795,34751,28476,28990,21190,22956,18596,22144,6752,13289,214750,2540,56940,2030,11800,34330,14570,9220,24570,14030,44710,10
8121,8,1,21,"Heilbronn, Stadt",116059,56901,59158,5771,5162,6136,5482,7514,7590,7874,7538,8899,8511,7547,7855,5811,6330,5252,6406,2097,4284,58920,,15280,840,2580,10590,4680,1410,8750,2920,11330,
8125,8,1,25,Heilbronn,322811,159509,163304,15152,14653,19995,18874,18760,17512,19502,19433,28645,27704,23267,22989,15982,17000,13344,15540,4862,9599,174610,3790,55480,2500,8270,26910,11790,5150,19040,10420,31260,0
8126,8,1,26,Hohenlohekreis,107279,53507,53773,5200,4795,6617,6279,6902,6016,6246,6169,9237,8891,7834,7698,5214,5209,4375,5193,1882,3523,59100,1610,21840,390,2690,10390,3120,1650,4370,2940,10110,
8127,8,1,27,Schwäbisch Hall,186355,92317,94036,8942,8623,11683,11041,11809,10466,11125,10551,15741,15055,13757,13908,9049,9158,7118,9019,3093,6215,101360,4050,30160,980,5920,14320,5960,5220,9640,5640,19480,0
8128,8,1,28,Main-Tauber-Kreis,130624,64254,66371,5622,5383,7699,7331,7559,6720,6963,7179,10649,10601,9987,9761,7015,7126,6072,7027,2688,5243,68910,1840,21980,520,3660,10100,3160,2020,5150,5270,15220,
8135,8,1,35,Heidenheim,127816,62759,65058,5799,5387,7698,7120,7465,6743,6909,6906,10435,10100,9033,9218,6751,7080,6064,7478,2605,5026,63050,850,22060,670,2890,9110,3960,1350,5840,3190,13120,0
8136,8,1,36,Ostalbkreis,306530,150852,155677,14509,13966,18976,17806,18529,17217,18037,17738,25200,24561,21876,21901,15498,15980,12983,15875,5244,10633,158610,2540,52690,1590,8680,22930,8620,4470,13470,10780,32830,10
8211,8,2,11,"Baden-Baden, Stadt",52314,24350,27965,1974,1883,2504,2287,2512,2433,2441,2924,4029,4354,3481,3997,3139,3610,2880,3596,1390,2881,26570,,4680,340,1270,4620,2810,890,4130,1120,6600,
8212,8,2,12,"Karlsruhe, Stadt",289173,143407,145766,12150,11656,12693,11887,27171,22493,20169,19521,23483,21816,17758,18579,13644,14889,11464,14356,4875,10569,153540,,18340,2770,7000,22980,20220,5630,23950,10050,42250,0
8215,8,2,15,Karlsruhe,424122,207969,216152,19052,17859,24263,22626,23765,22632,23990,25034,37182,36343,31138,31793,22549,23529,18971,22410,7059,13926,225170,1960,49050,4460,11350,35730,20340,9800,27840,17590,47050,10
8216,8,2,16,Rastatt,222324,108942,113382,9683,9209,12714,11856,12467,11651,11920,12571,19188,19061,17131,16823,11699,12136,10213,12319,3927,7756,120160,800,37280,1540,5660,18240,8860,3700,14190,7960,21940,
8221,8,2,21,"Heidelberg, Stadt",146751,69265,77486,6019,5835,5999,5908,14639,18342,10671,10553,10546,10233,8293,8737,6271,7072,4722,6135,2105,4671,77650,,7510,910,1720,10400,7910,1750,11610,3070,32370,
8222,8,2,22,"Mannheim, Universitätsstadt",290117,141736,148381,12890,11710,13797,13036,21186,22911,19516,20327,24272,21433,18388,18803,14656,15960,12239,14331,4792,9870,145330,,25750,2630,6930,25500,14290,4170,23320,6250,35900,
8225,8,2,25,Neckar-Odenwald-Kreis,142810,70823,71987,6348,6029,8618,7879,8225,7551,7708,7732,12235,11929,11127,10713,7583,7640,6493,7495,2486,5019,72960,1090,22110,1140,3830,10170,3810,1760,6390,5880,16790,
8226,8,2,26,Rhein-Neckar-Kreis,524040,254721,269318,23546,22437,28668,27049,29299,28814,29189,31031,45772,45504,37098,38793,28623,30774,23687,27768,8839,17148,274550,1990,55210,3540,12620,46320,26370,9750,33650,16590,68510,0
8231,8,2,31,"Pforzheim, Stadt",114411,55090,59321,5487,4905,6041,5941,7479,7460,7037,6585,8587,8463,7688,7910,5505,6669,5087,6675,2179,4713,55030,,16950,310,2400,10180,3530,1150,6770,2020,11420,
8235,8,2,35,Calw,151048,74374,76675,6970,6667,9500,8846,8705,7904,8115,8375,12604,12612,11237,11229,7978,7936,6770,8110,2495,4996,79260,1120,22830,710,4270,12930,5200,2100,7520,5540,17030,
8236,8,2,36,Enzkreis,191354,93924,97429,8660,8070,11977,11182,10496,9705,10145,10474,16788,16809,14000,14076,10184,10649,8546,10139,3128,6325,101560,560,33740,1030,4280,16140,6010,3520,10880,5810,19590,
8237,8,2,37,Freudenstadt,115973,56908,59065,5506,5087,7192,6901,6843,6457,6479,6437,9738,9704,8509,8413,5698,5838,5068,6283,1875,3945,63070,970,21400,360,3700,10860,3530,1520,4850,3650,12230,
8311,8,3,11,"Freiburg im Breisgau, Stadt",209628,98705,110924,9361,9397,9375,9286,18927,22909,14805,14809,15771,15268,12268,13223,8466,9913,6563,9103,3169,7016,114030,1180,10860,1130,4060,19090,9630,1880,15650,6460,44080,
8315,8,3,15,Breisgau-Hochschwarzwald,247281,120078,127201,11753,11021,14987,13847,13163,13281,12960,13883,20788,21403,17628,18587,13259,14082,11055,12801,4485,8296,134010,3710,24880,1290,7890,26220,9110,4000,13960,9070,33870,0
8316,8,3,16,Emmendingen,156453,76641,79812,7508,6870,9197,8855,8905,8233,8434,8956,13681,13482,11625,11834,7955,8511,6815,8035,2521,5036,85740,1450,20510,1080,5260,15090,5420,2540,7370,5940,21090,0
8317,8,3,17,Ortenaukreis,410202,201308,208894,19202,18288,24537,22793,24216,22927,22477,23081,34896,33868,30508,30143,20070,21116,18183,21695,7219,14983,220660,4590,61920,1920,12540,39800,15940,5420,19470,13580,45450,30
8325,8,3,25,Rottweil,136479,67218,69260,6433,6056,8554,8207,7654,7216,7549,7522,11488,11290,9846,9394,7040,7236,6304,7587,2350,4752,73910,1150,27320,510,3730,10090,4410,1990,5790,4630,14290,
8326,8,3,26,Schwarzwald-Baar-Kreis,203967,99568,104399,8881,8778,11650,11017,12633,11520,10826,11061,16025,16154,14771,14989,10860,11370,9883,11880,4039,7630,106870,1350,35320,790,5210,15740,7170,2690,10840,6420,21340,
8327,8,3,27,Tuttlingen,132214,65378,66835,6507,6232,8154,7549,8145,7707,7812,7715,10664,10350,9427,9338,6395,6684,5944,6920,2330,4340,70560,570,32230,370,2960,9170,3430,1530,4960,3980,11350,
8335,8,3,35,Konstanz,266964,128473,138492,11800,11467,14253,13950,17958,17893,14122,15420,22037,22291,17646,18764,13704,14780,12195,14384,4758,9543,141210,2260,31720,1040,6890,25910,10600,3440,14890,8360,36110,0
8336,8,3,36,Lörrach,219002,106550,112453,10154,9728,13057,12441,12416,12014,11737,12785,18910,19116,15819,16063,10869,11573,9798,11633,3790,7100,116480,1270,31240,1360,6560,20300,8350,2690,12290,6330,26090,0
8337,8,3,37,Waldshut,163135,79941,83195,7945,7386,10204,9541,9095,8875,8571,8933,13413,13320,11823,12016,8367,8636,7525,8693,2998,5795,86410,1820,23740,1840,6590,15380,4760,2120,6650,4810,18710,
8415,8,4,15,Reutlingen,273352,133386,139967,12673,12094,15969,15090,16289,15970,15720,15937,23127,22760,18996,19588,13735,14601,12218,14707,4659,9220,146060,1980,43070,1370,7990,23570,10020,4510,14090,7940,31520,
8416,8,4,16,Tübingen,211951,102679,109273,9884,9600,12114,11445,16956,19089,13002,13056,16953,16928,14225,14821,9333,9503,7459,8980,2753,5851,115510,1000,21780,1030,5050,16340,7940,2920,12230,6970,40240,
8417,8,4,17,Zollernalbkreis,185560,90918,94641,8065,7737,10778,10318,11026,9917,9978,10132,15578,15236,13708,13714,9631,10047,8783,10659,3371,6881,96230,710,33330,550,5700,16940,5340,2350,7180,6600,17520,0
8421,8,4,21,"Ulm, Universitätsstadt",116761,56948,59813,5422,4934,5545,5496,9367,9626,8419,7975,8890,8499,7000,7639,5871,6192,4509,5436,1925,4016,62880,,12680,510,2160,11010,5890,1410,8270,3630,17170,
8425,8,4,25,Alb-Donau-Kreis,186192,92612,93580,9472,8656,11886,11437,11154,10166,10766,10798,16110,15617,13383,12960,9131,9163,7634,8972,3076,5811,102320,2410,30640,1020,5770,16860,7040,2850,9270,6480,19980,
8426,8,4,26,Biberach,187444,93070,94374,9484,9047,11797,11541,11806,10774,11112,10952,16016,15376,13327,13287,9029,8733,7587,8878,2912,5786,102700,2980,35380,1320,6170,13810,5010,2750,8390,6460,20410,0
8435,8,4,35,Bodenseekreis,204083,99711,104372,9122,8691,11827,11322,11129,11233,11831,11297,16922,17063,13946,14710,11633,12482,9732,10775,3569,6799,109890,3080,33510,1020,5040,17920,6400,2340,10460,5400,24720,
8436,8,4,36,Ravensburg,269595,132303,137292,12985,12550,17159,16100,16329,15645,15615,15913,22593,22367,18449,18833,13652,14085,11186,12932,4335,8867,148320,4760,38960,1390,8970,23010,9560,3680,13610,7250,37130,
8437,8,4,37,Sigmaringen,127601,63080,64520,6018,5647,8280,8027,7919,7076,6910,6856,10915,10579,9232,9181,6196,6378,5486,6594,2124,4182,68680,1620,21020,430,4700,10510,4000,1840,4930,5620,14020,
9161,9,1,61,Ingolstadt,124927,61978,62949,5960,5635,6197,5920,9051,8379,9052,8547,9903,9410,8485,8184,6174,6585,5119,6251,2037,4038,66520,,21010,680,2670,10160,4870,1450,8600,3650,12960,
9162,9,1,62,"München, Landeshauptstadt",1348335,651241,697094,60482,57075,50632,48891,99206,111578,114303,111472,112628,106137,76205,82945,68420,76192,49932,63251,19433,39553,774820,1980,81860,8640,25160,127250,100270,41180,158960,43460,186050,10
9163,9,1,63,Rosenheim,59329,28811,30518,2806,2587,2871,2652,4334,4017,3972,4036,4803,4585,3513,3965,3251,3576,2345,3071,916,2029,31830,,6160,250,1530,6250,2530,1010,4210,1900,7640,0
9171,9,1,71,Altötting,106023,51669,54353,4875,4482,6006,5783,5891,5625,5872,5896,8932,8675,7713,7863,5673,6141,4768,5975,1939,3913,55700,1370,16950,640,4010,8210,2730,1410,4800,2620,12960,
9172,9,1,72,Berchtesgadener Land,100827,48874,51955,4238,3961,5481,5059,6372,5754,5639,5556,7956,8012,6558,6872,5778,6521,4846,5939,2006,4281,54520,1560,9210,450,3410,12410,3500,1570,4590,4450,13380,
9173,9,1,73,Bad Tölz-Wolfratshausen,119178,57959,61219,5733,5290,6889,6409,6215,6336,6574,6904,10267,10482,8290,8381,6489,7012,5387,6270,2115,4135,65320,2300,13150,660,4240,11720,4420,2380,7690,3700,15060,0
9174,9,1,74,Dachau,138697,68280,70417,6805,6604,8053,7500,7832,7806,8771,8958,12807,12592,9515,9575,7127,7372,5441,6177,1929,3833,79020,1070,16800,1140,3680,13950,7180,3920,10160,5380,15730,0
9175,9,1,75,Ebersberg,127568,62709,64858,6792,6288,7553,7114,6450,6635,7613,7903,11944,11851,8453,8416,6538,7067,5422,6105,1944,3479,70130,1860,10510,670,3140,13010,8050,4200,9820,4470,14400,
9176,9,1,76,Eichstätt,123421,61640,61780,6276,5940,7594,7423,7922,7557,7801,7481,10669,10297,8939,8423,5701,5554,4920,5720,1818,3385,67610,1390,23760,660,3470,9520,3350,1850,5850,4220,13530,0
9177,9,1,77,Erding,125706,62517,63189,6531,6200,7741,7418,7159,7158,8030,8125,12023,11705,9002,8452,5813,5939,4554,5087,1664,3105,73770,3090,11630,1160,3990,13290,10380,3200,7910,5680,13440,
9178,9,1,78,Freising,162818,81443,81375,8297,7893,9516,8812,11092,10990,11252,11033,15286,14509,11026,10381,7442,7592,5565,6327,1967,3838,95460,2840,16200,1380,4170,16970,13170,3850,12940,6010,17930,0
9179,9,1,79,Fürstenfeldbruck,201597,97479,104118,9644,9106,11075,10106,10205,10518,11845,12676,17372,17746,13183,13902,11504,13210,9503,10895,3148,5959,109270,1380,16230,1590,5600,19790,10110,6780,16330,8770,22710,
9180,9,1,80,Garmisch-Partenkirchen,84046,40322,43724,3440,3162,4649,4180,4392,4289,4349,4591,6987,7114,5308,5744,4945,5768,4453,5378,1799,3498,43630,840,4860,640,2630,10970,2490,1430,4240,3530,12000,
9181,9,1,81,Landsberg am Lech,113085,55911,57173,5626,5392,7275,6814,6124,5515,6410,6510,10344,10463,7883,7909,6012,6141,4507,5062,1730,3367,61710,2040,11920,880,3650,10210,4460,2330,7170,5570,13490,
9182,9,1,82,Miesbach,93630,45030,48600,4248,4091,5185,4719,4859,4852,4958,5353,8054,8354,6200,6382,5437,6204,4417,5256,1672,3389,51710,1340,9130,560,2960,11320,3940,2000,6120,3090,11230,10
9183,9,1,83,Mühldorf a.Inn,106414,52620,53795,4975,4550,6365,6093,6078,5594,6073,6186,9236,8846,7869,7574,5692,5835,4589,5387,1743,3730,56810,2680,15030,630,4020,8960,3920,1750,4840,3310,11670,
9184,9,1,84,München,317248,155130,162119,16768,15473,16253,15291,17475,16379,19099,20740,28421,28270,19924,20659,17651,19738,14356,15992,5183,9577,169450,1390,22560,1700,6020,28690,19720,10940,30090,12540,35810,
9185,9,1,85,Neuburg-Schrobenhausen,90593,44965,45628,4313,4198,5523,5312,5391,5068,5748,5453,7897,7487,6585,6397,4570,4530,3680,4332,1258,2851,49720,1780,14630,730,3700,7720,2720,1480,4190,3820,8940,
9186,9,1,86,Pfaffenhofen a.d.Ilm,116116,58104,58012,5530,5259,7001,6598,7147,6487,7087,7044,10662,10119,8704,8345,5712,5743,4610,5238,1651,3179,65220,2090,16880,1160,3660,11170,5460,2350,6610,4840,11010,0
9187,9,1,87,Rosenheim,244257,119733,124523,11704,10923,15000,13944,13625,12582,13401,13943,21201,21400,16711,17384,13703,14426,10356,11860,4032,8061,133500,4950,27180,1390,8160,24810,9490,4190,12540,8200,32600,
9188,9,1,88,Starnberg,127133,60840,66292,6209,6035,7060,6663,5809,5592,6083,7339,11154,11665,8271,9070,7637,8685,6166,6732,2451,4511,67790,850,9260,610,3060,11160,6410,3430,11580,3880,17540,0
9189,9,1,89,Traunstein,168509,81883,86627,7349,7208,9800,9417,9359,8515,8980,9332,13771,13922,11762,12034,9534,10416,8117,9364,3211,6419,89770,4240,22010,1030,5860,17020,4570,2150,7900,5290,19700,
9190,9,1,90,Weilheim-Schongau,128761,63169,65593,6032,5783,7826,7513,7051,6530,6931,7063,10982,11401,9251,9003,7143,7358,5755,6682,2198,4260,69390,2660,17330,660,4240,11230,4100,2280,6950,4620,15300,0
9261,9,2,61,Landshut,63544,30164,33380,2744,2572,2805,2864,4066,4184,4303,4136,5010,5003,4042,4432,3250,3858,2750,3530,1194,2801,32300,,5920,400,1220,5310,2770,850,4860,2900,7850,
9262,9,2,62,Passau,48649,22828,25821,1758,1700,2067,2133,4000,4686,2931,2459,3275,3504,3108,3395,2692,2988,2092,2703,905,2253,23560,,3110,270,1060,4810,1940,570,2620,1810,7230,
9263,9,2,63,Straubing,44488,21881,22607,1662,1593,2050,2015,2948,2839,2999,2302,3751,3389,3207,3373,2500,2632,1952,2599,812,1865,22410,,5210,200,780,4130,2050,560,2380,1530,5440,
9271,9,2,71,Deggendorf,114454,56205,58249,5059,4759,6542,6192,6872,6593,6867,6715,9730,9611,8586,8673,6043,6204,4691,5763,1815,3739,61580,1760,16310,640,5510,10040,3660,1720,5030,3810,13110,
9272,9,2,72,Freyung-Grafenau,78172,38520,39650,3292,3028,4634,4453,4492,4203,4392,4300,6574,6537,6313,6106,4259,4054,3282,4184,1282,2785,40630,1600,10040,330,4720,7080,1940,1040,2480,2510,8890,
9273,9,2,73,Kelheim,112752,56076,56677,5514,5169,6902,6503,6822,6260,6834,6992,10007,9429,8331,8012,5514,5501,4486,5356,1666,3455,62370,2200,17960,670,4710,10220,3460,1990,5480,3280,12400,
9274,9,2,74,Landshut,147161,73459,73702,7184,6803,9040,8473,8525,7681,8818,8902,13606,12948,10949,10631,7548,7467,5714,6743,2075,4054,82630,2820,20750,1290,5470,13570,5970,2460,8630,6580,15090,
9275,9,2,75,Passau,184190,90305,93885,7982,7450,10669,10167,10345,9921,10674,10467,15515,15355,13918,13913,10087,10321,8023,9762,3092,6529,99180,4700,24280,1000,7370,20140,5060,2630,7350,5520,21120,
9276,9,2,76,Regen,76782,37970,38812,3271,2950,4321,3963,4595,4035,4355,4269,6254,6224,6200,5971,4309,4264,3393,4457,1272,2679,40720,1660,11000,270,4120,7440,1680,920,2760,2960,7910,
9277,9,2,77,Rottal-Inn,116634,57324,59310,5210,4921,7031,6604,6598,6319,6543,6382,9793,9583,8615,8533,6144,6292,5295,6357,2095,4319,62710,3640,17370,540,6060,11190,2360,1730,4340,3140,12320,
9278,9,2,78,Straubing-Bogen,95852,47558,48295,4556,4345,5817,5521,5546,4937,5547,5693,8578,8285,7360,7046,4838,4891,3932,4645,1384,2932,52860,2950,14630,420,3730,8530,3150,1430,3430,4190,10400,
9279,9,2,79,Dingolfing-Landau,90156,45230,44926,4021,3851,5442,4999,5669,4999,5454,5130,7828,7532,6971,6683,4577,4553,3876,4459,1392,2720,49330,1700,18560,360,3180,6450,2920,1350,4800,2590,7420,
9361,9,3,61,Amberg,41911,20407,21505,1669,1655,2057,2036,2841,2501,2510,2238,3323,3299,3101,3024,2133,2338,1958,2567,815,1847,20850,,5730,,910,3280,1130,470,2470,1730,4860,
9362,9,3,62,Regensburg,135403,64341,71062,5561,5546,5372,5553,11924,13362,10216,9495,10425,10206,7659,8530,6061,6824,4911,6552,2212,4994,70750,,12430,570,2040,11310,5450,1760,10060,4740,22110,
9363,9,3,63,Weiden i.d.OPf.,41746,19709,22037,1593,1637,2246,1999,2600,2502,2289,2526,3182,3464,2866,3083,2234,2353,1948,2668,751,1805,20940,,4270,,1040,4640,1440,400,1850,1850,5140,
9371,9,3,71,Amberg-Sulzbach,103901,51445,52457,4582,4154,6262,5978,6037,5687,5625,5656,9072,8841,8271,7811,5134,5095,4654,5688,1808,3547,55860,1670,16920,570,3200,8520,3060,1750,4140,4350,11680,
9372,9,3,72,Cham,125689,62421,63268,5262,5189,7264,6889,7670,7003,7347,7215,10766,10212,9823,9332,6702,6390,5536,6720,2051,4318,69370,3000,20870,510,7770,11310,3110,1260,4350,4390,12790,10
9373,9,3,73,Neumarkt i.d.OPf.,126436,62790,63646,5846,5555,8026,7634,7610,7053,7297,7289,11272,10915,9607,9158,6208,5988,5000,6157,1924,3897,69830,2190,17640,610,5770,11230,4700,2160,6140,4320,15070,
9374,9,3,74,Neustadt a.d.Waldnaab,96316,47547,48770,4210,3986,5829,5690,5822,5263,5265,5399,8334,8270,7584,7053,4784,4807,4192,5200,1527,3102,51900,2050,14520,500,3030,8380,2960,1170,3350,4160,11790,
9375,9,3,75,Regensburg,182289,90179,92110,8543,7981,10745,10254,10303,9767,10697,11183,16532,16200,14069,13870,9631,9472,7069,8276,2590,5107,101960,2420,25600,1280,5170,16330,7640,2950,10200,7620,22760,
9376,9,3,76,Schwandorf,142407,70716,71690,6066,5768,8344,7749,8409,7878,8594,8136,12509,11942,11043,10246,7237,7276,6133,7651,2381,5044,77630,3020,24640,1160,4420,12100,4190,1780,6400,5380,14550,
9377,9,3,77,Tirschenreuth,74867,36927,37939,3035,2871,4407,4151,4321,3837,4068,3993,6407,6167,5796,5554,4031,3952,3477,4466,1385,2948,38920,2120,11490,,3100,6620,1840,1120,2490,2610,7310,0
9461,9,4,61,Bamberg,70635,33080,37555,2823,2735,3104,3142,5410,6495,4350,4346,5478,5309,4298,4738,3315,3873,2949,3948,1353,2969,36920,,6730,430,1410,6660,2470,810,4370,2420,11320,
9462,9,4,62,Bayreuth,70808,33703,37105,2590,2497,3099,3125,6330,6703,4205,3889,5095,4817,4293,4987,3809,4161,2991,3973,1291,2953,33640,,4810,410,1140,5910,2390,790,4360,3510,10220,30
9463,9,4,63,Coburg,41023,19519,21504,1587,1476,1990,1919,2757,2625,2184,2124,3289,3318,2787,3074,2219,2451,1867,2491,839,2026,20490,,5090,250,550,3160,1130,1630,2450,1410,4740,10
9464,9,4,64,Hof,44759,21006,23753,1724,1650,2080,2113,2508,2756,2490,2348,3479,3480,3054,3376,2554,2923,2174,2923,943,2184,20230,,4420,250,700,3720,1660,680,2070,1650,4960,
9471,9,4,71,Bamberg,143610,71281,72329,6609,6436,8832,8124,8643,8093,8480,8658,12940,12707,11050,10597,6982,6704,5698,6997,2047,4013,81180,1510,22510,850,5140,14160,5820,2320,6820,5160,16890,
9472,9,4,72,Bayreuth,105395,51818,53578,4512,4316,6098,5750,5646,5342,5740,5996,9299,9066,8257,7790,5700,5685,4748,5874,1818,3759,57270,1790,13580,760,3800,9900,3830,1600,4610,5460,11900,40
9473,9,4,73,Coburg,87775,43107,44668,3515,3335,5035,4669,4855,4438,4471,4713,7660,7513,6812,6676,4803,4884,4285,5244,1671,3196,46600,1340,15570,590,1910,7120,2120,3180,4070,2750,7930,20
9474,9,4,74,Forchheim,112738,55589,57149,4952,4931,6576,6360,6669,6099,6184,6367,10028,9892,8969,8433,5813,5842,4800,5836,1598,3389,61350,1270,16750,630,2840,9090,4520,1950,7450,3520,13320,
9475,9,4,75,Hof,99371,47988,51383,3763,3638,5351,5127,4815,4559,4782,5038,8390,8317,7608,7408,5786,6061,5273,6697,2220,4538,49210,1290,14280,610,2680,8180,3460,1540,3460,3420,10280,
9476,9,4,76,Kronach,69928,34163,35764,2559,2577,3660,3447,3717,3440,3823,3812,6211,5882,5612,5402,3780,3847,3531,4534,1270,2823,36710,640,13590,530,1860,4910,1950,1150,3130,2180,6750,20
9477,9,4,77,Kulmbach,74071,36094,37976,2948,2826,4149,3634,3733,3549,3970,4102,6478,6235,5793,5721,4199,4275,3378,4600,1446,3034,38700,1160,9720,440,2750,6630,2330,1180,3460,2950,8040,30
9478,9,4,78,Lichtenfels,67297,32917,34380,2698,2630,3758,3553,3722,3488,3753,3826,5828,5572,5238,5100,3580,3686,3201,3937,1139,2588,35860,720,9610,330,1980,7710,2290,1250,2810,1970,7190,
9479,9,4,79,Wunsiedel i.Fichtelgebirge,76044,36376,39668,2699,2672,3812,3660,3803,3555,3631,3684,6177,6221,5924,5832,4582,4858,4046,5526,1702,3660,36720,820,11880,400,1670,5890,1730,950,3230,2540,7620,
9561,9,5,61,Ansbach,39491,18560,20931,1653,1584,1920,2090,2378,2541,2196,2342,3219,3111,2780,2791,1931,2359,1686,2273,797,1840,20260,,4630,170,760,3390,1400,480,2240,1970,4950,
9562,9,5,62,Erlangen,103719,50713,53007,4339,4469,4858,4660,9214,8932,7718,6863,7759,8042,6450,6095,4634,5289,3898,5020,1843,3637,54750,,12720,690,1110,7160,3840,980,9390,2910,15540,
9563,9,5,63,Fürth,115613,55680,59933,5023,4764,5990,5260,6626,7867,7560,8385,10201,9828,8232,8009,5877,6227,4407,5819,1764,3774,62350,,12670,570,2530,11030,6540,2050,9260,4130,13040,
9564,9,5,64,Nürnberg,486314,233141,253173,21160,19635,21722,19307,32785,35888,32952,34474,39876,35965,29716,33645,25437,28565,20865,27306,8628,18388,249050,1320,43060,2390,8920,43050,28690,9030,41170,17660,53770,
9565,9,5,65,Schwabach,38469,18451,20018,1716,1595,2155,2010,2035,2098,2076,2306,3301,3427,2714,2632,2121,2358,1682,2150,651,1442,20180,,4190,360,880,3620,1820,860,2630,1360,4230,
9571,9,5,71,Ansbach,178353,88473,89881,8121,7625,11427,10641,10683,9817,9951,10087,15215,14822,13558,12983,8746,8515,7793,9274,2979,6117,97500,3680,29030,780,6900,15820,5730,2550,6880,6180,19950,
9572,9,5,72,Erlangen-Höchstadt,130395,64543,65852,6072,5717,7726,7046,7280,6956,7341,7575,11283,11588,10093,10039,7301,7161,5456,6252,1991,3518,71100,930,19890,610,2960,10600,5360,2380,8930,4230,15220,
9573,9,5,73,Fürth,112786,54689,58097,4739,4580,6258,5699,5770,5735,6051,6435,9857,10204,8402,8571,6530,7014,5213,6212,1869,3647,61760,1120,12750,760,2880,11110,6250,2780,7340,5190,11580,
9574,9,5,74,Nürnberger Land,163967,79915,84052,6978,6450,9131,8705,8392,8136,8579,9045,14443,14474,12199,12354,9449,9866,7810,9286,2934,5736,86350,870,21200,770,3710,14270,6940,3660,9630,6700,18590,
9575,9,5,75,Neustadt a.d.Aisch-Bad Windsheim,97475,48164,49311,4361,4079,5896,5696,5769,5177,5215,5295,8379,8244,7550,7322,4983,4896,4353,5100,1658,3502,53500,2890,14120,560,3280,8760,3560,1610,4850,2920,10950,
9576,9,5,76,Roth,123344,60756,62588,5433,5164,7527,7074,6864,6566,6761,6948,10944,11024,9244,8999,6588,6728,5458,6284,1937,3801,66760,1600,15440,910,3700,11400,5410,2700,6600,5520,13470,
9577,9,5,77,Weißenburg-Gunzenhausen,92371,45622,46747,4087,3875,5569,5153,5364,4832,5029,4913,7837,7481,6981,6813,4856,4952,4257,5235,1642,3493,48310,1530,13790,760,2670,7620,2700,1540,3910,3080,10710,
9661,9,6,61,Aschaffenburg,67359,32231,35128,2898,2905,3199,3208,4211,4287,4386,4310,5521,5524,4790,4782,3494,3828,2591,3652,1141,2632,35720,,7270,480,1500,7500,3960,1000,4850,1780,7140,
9662,9,6,62,Schweinfurt,52143,24921,27222,2291,2099,2479,2457,3572,3219,2873,2914,3681,3590,3490,3869,2758,3123,2529,3221,1248,2730,24890,,6780,280,920,4630,1460,490,2760,1200,6210,
9663,9,6,63,Würzburg,124297,58135,66162,4270,3932,4786,4583,12526,16041,8131,7132,8307,8491,7005,7851,5682,6216,5095,6649,2333,5267,64400,,7210,670,1540,12060,4710,1460,8490,4950,22910,
9671,9,6,71,Aschaffenburg,172612,85283,87329,7318,7148,10226,9492,9683,9108,9225,9598,15487,15516,13358,12905,9140,9220,7826,8928,3020,5414,94480,1110,23380,1200,5600,19120,7940,3410,10850,5360,16500,
9672,9,6,72,Bad Kissingen,104020,50668,53352,4197,4104,5688,5588,5902,5100,5286,5496,8526,8391,8107,7961,5619,5732,5154,6318,2189,4662,52960,1190,11290,490,4500,8840,2610,1550,3860,4470,14160,
9673,9,6,73,Rhön-Grabfeld,80829,39929,40900,3510,3424,4910,4628,4607,4221,4256,4346,6743,6652,6380,6156,4152,4062,3829,4416,1542,2995,42520,800,12160,510,2800,6880,2110,1130,2940,2750,10430,
9674,9,6,74,Haßberge,84575,42174,42401,3704,3382,5087,4828,5182,4654,4618,4516,7378,7096,6823,6548,4363,4136,3691,4419,1328,2822,45860,1180,16110,580,2630,7060,2200,1300,3260,2520,9010,
9675,9,6,75,Kitzingen,87719,43384,44335,3745,3732,5218,4934,5197,4901,4901,4986,7673,7421,6727,6370,4550,4362,3824,4554,1549,3075,47740,2590,11670,560,2670,9090,3060,1290,4060,3260,9490,
9676,9,6,76,Miltenberg,128406,63855,64550,5757,5410,8024,7297,7293,6744,7181,7491,11330,10858,9558,9408,6679,6615,5818,6715,2215,4012,67930,970,22150,680,3980,11790,4210,2020,6410,3430,12280,
9677,9,6,77,Main-Spessart,127508,63172,64336,5231,4998,7403,6890,7361,6481,6874,6901,10963,10864,10196,9758,6868,6738,5972,7031,2304,4675,68890,1510,23690,690,3810,10810,3650,1830,4770,4250,13880,
9678,9,6,78,Schweinfurt,113084,56222,56862,4844,4487,6833,6423,6596,5928,5879,5977,9765,9630,8970,8681,5936,5947,5354,6121,2045,3668,61400,1410,17650,1070,3230,10360,3450,1920,4580,4260,13470,
9679,9,6,79,Würzburg,158095,78157,79938,7107,6807,9082,8455,9212,8767,8947,9061,13349,13506,12174,12377,8545,8541,7034,7687,2707,4737,87480,2040,14400,1260,4480,16100,6830,2730,8700,8450,22490,
9761,9,7,61,Augsburg,267767,128788,138979,11191,10938,12059,12026,19499,21889,18787,17763,20914,19052,16816,17095,13410,15258,11365,14413,4747,10545,140570,,25380,1860,6220,23210,13850,3800,20640,9370,35520,0
9762,9,7,62,Kaufbeuren,41550,20022,21528,1769,1775,2192,2093,2464,2359,2411,2279,3305,3227,2947,2901,2211,2442,1843,2472,880,1980,20920,,4860,260,1340,3620,1110,430,2350,1480,5280,
9763,9,7,63,Kempten Allgäu,64078,31173,32905,2779,2514,3032,3052,4565,4234,3934,3827,4836,4665,4195,4410,3564,3920,2977,3606,1291,2677,32740,,7820,360,1410,6080,3010,700,4190,1710,7210,
9764,9,7,64,Memmingen,41241,20010,21231,1856,1793,2218,2120,2538,2400,2589,2405,3285,3095,2789,2967,2155,2406,1800,2283,780,1762,21910,,6240,180,1180,3680,1230,480,2790,1180,4720,
9771,9,7,71,Aichach-Friedberg,126387,62397,63990,5841,5763,7864,7502,7114,6636,7296,7458,11601,11370,9046,8923,6488,6727,5297,6115,1850,3496,70620,2450,14640,1210,5170,13280,5870,2780,6840,5570,12830,
9772,9,7,72,Augsburg,237095,116462,120633,10948,10349,14423,13804,13042,12293,13242,13621,21019,21055,17072,17075,12888,13319,10066,11869,3762,7248,127810,2090,29710,1860,6920,21240,10700,4830,12780,10000,27670,
9773,9,7,73,Dillingen a.d.Donau,93308,46141,47167,4399,4142,5874,5658,5699,5018,5399,5404,7965,7894,6843,6784,4651,4720,3861,4544,1450,3003,51150,2050,15980,1200,3480,8180,2410,1250,3940,2860,9800,10
9774,9,7,74,Günzburg,120182,59661,60522,5690,5323,7566,7089,7287,6759,7021,7035,10420,10164,8835,8523,6136,6028,4958,5847,1748,3754,64470,1750,17870,990,4080,10310,3580,1530,5710,3550,15050,60
9775,9,7,75,Neu-Ulm,163854,80323,83531,7718,7482,9215,8787,10057,9865,9932,9720,13610,13531,11477,11706,8613,9146,7043,8161,2658,5133,88050,890,25160,650,3880,18370,6470,2300,8940,4530,16860,10
9776,9,7,76,Lindau Bodensee,78420,38301,40121,3567,3381,4670,4463,4206,3824,4150,4406,6689,6802,5356,5201,4426,4731,3703,4308,1534,3005,42290,1290,11990,420,2430,7460,2180,770,4650,2000,9090,
9777,9,7,77,Ostallgäu,133586,65844,67741,6253,6151,8156,7973,7485,6995,7413,7524,11418,11195,9415,9314,7424,7453,5836,6541,2444,4595,73320,4430,17780,910,5350,13790,3840,2000,5490,4890,14820,10
9778,9,7,78,Unterallgäu,135161,66981,68180,6256,6033,8719,8157,7669,6933,7646,7449,11762,11215,9403,9237,7117,7324,5970,7083,2439,4749,74050,4560,20330,720,6590,12720,3730,1830,5960,3980,13630,
9779,9,7,79,Donau-Ries,127920,64100,63820,5997,5780,7768,7411,7971,6885,7745,7401,11121,10423,9307,8924,6531,6410,5567,6402,2093,4184,69930,2640,23120,590,4080,11670,3770,1720,5830,4500,12020,0
9780,9,7,80,Oberallgäu,148650,72710,75939,6553,6153,8911,8297,7966,7421,7934,8460,12643,12653,10297,10597,8717,9284,7060,7948,2629,5126,82710,3760,17500,1120,4960,19300,4960,2180,7410,5190,16330,0
10041,10,0,41,Regionalverband Saarbrücken,327065,158063,169002,12328,11812,15755,14980,21543,19934,17955,18175,25605,26056,24630,25769,18592,19647,15555,19722,6100,12907,156370,780,24830,2660,7770,28260,14740,6000,20550,11750,39030,
10042,10,0,42,Merzig-Wadern,103636,50679,52957,4349,3936,5574,5269,5504,5372,5577,5738,8955,8805,8638,8337,5386,5712,4873,6029,1823,3759,52900,650,11720,760,3680,9620,3160,2090,4550,4420,12250,
10043,10,0,43,Neunkirchen,135531,65866,69665,4764,4503,6906,6297,7752,7182,6679,6945,11259,11502,11093,10990,7713,8058,7090,8806,2610,5382,65170,450,13460,1150,4300,11410,4590,2150,6780,5580,15300,
10044,10,0,44,Saarlouis,197877,95993,101884,7359,7216,9912,9867,11236,10198,10228,10192,16274,16415,16284,16584,11147,11419,9866,12456,3687,7537,95940,660,25170,1410,4940,15770,5790,3270,10490,8180,20260,
10045,10,0,45,Saarpfalz-Kreis,145394,70249,75145,5148,5192,7479,6906,8150,7558,6874,7501,12093,11890,11534,12035,8225,8694,7648,9350,3098,6019,71470,640,17120,940,3110,10480,4550,2380,7380,5520,19350,0
10046,10,0,46,St. Wendel,90120,44200,45920,3199,3201,4775,4478,4839,4480,4511,4623,7754,7609,7808,7443,4957,5116,4630,5422,1727,3548,45320,560,10710,670,2230,6610,2560,1430,4580,5200,10740,40
11000,11,0,0,"Berlin, Stadt",3292365,1599653,1692712,148320,141308,132284,127239,233710,246488,233279,231006,276984,262704,217474,221258,178775,194262,136747,170671,42080,97776,1610040,3710,128120,20490,74840,260210,169860,36100,303790,153520,459400,20
12051,12,0,51,"Brandenburg an der Havel, Stadt",71569,35156,36413,2477,2507,2257,1949,5071,4595,4192,3364,5581,5260,5682,5780,4211,4755,4413,5426,1272,2777,34630,300,5310,640,2510,5700,2310,670,5380,3140,8670,
12052,12,0,52,"Cottbus, Stadt",99984,48940,51044,3667,3516,3203,2833,8873,7298,5580,5189,7829,7210,7620,8466,5446,6251,5183,6701,1539,3580,49740,340,4050,1680,3150,8160,4080,980,7970,5790,13540,
12053,12,0,53,"Frankfurt Oder, Stadt",59140,28410,30730,2241,2057,1869,1940,4396,4081,3177,3174,4502,4335,4975,5346,3252,3639,3095,4057,903,2101,28710,340,2730,600,2150,4210,1980,640,4520,3800,7760,
12054,12,0,54,"Potsdam, Stadt",156021,74700,81321,7806,7369,5427,4999,11749,13250,11612,11419,12131,11685,9845,10702,7039,8317,6779,8791,2312,4789,85810,,5380,1100,4480,12340,7950,2300,16280,10410,24980,
12060,12,0,60,Barnim,172164,85135,87030,7211,6744,6244,5864,9831,8524,9637,9543,15528,15243,15128,15127,10256,10482,8873,10221,2427,5282,91480,1500,8790,2080,8170,15710,6920,2130,12250,11110,22830,
12061,12,0,61,Dahme-Spreewald,160162,79159,81003,6474,6169,5944,5931,8954,7972,9112,8561,14443,13914,13645,13259,9062,9418,8844,10321,2681,5458,84120,2010,10510,1650,7560,15130,7490,1970,11060,9190,17540,
12062,12,0,62,Elbe-Elster,110189,54392,55796,3791,3831,3826,3634,6639,5044,6093,5047,9322,8929,10057,9656,6470,6970,6226,8043,1968,4642,53730,2570,10600,870,5670,8190,4060,790,5180,5150,10650,
12063,12,0,63,Havelland,152457,75116,77341,6711,6137,7091,6320,8169,7164,7905,8263,14453,14467,12749,12423,8518,8948,7520,9055,2000,4564,79300,1730,11240,1390,6140,13210,6740,2110,10010,9250,17470,20
12064,12,0,64,Märkisch-Oderland,187374,92857,94517,7619,6995,6706,6509,10557,9134,10448,9838,17060,16905,17389,16558,10543,10761,9717,11846,2818,5971,98070,2760,8120,1890,10250,16910,8060,2610,12620,13090,21770,
12065,12,0,65,Oberhavel,200805,98872,101935,8859,8441,8305,7717,10605,9844,10872,11303,19091,18812,16999,16243,11239,11570,10051,12031,2851,5974,106200,1960,14030,2200,8590,17360,8540,2750,14370,13500,22790,110
12066,12,0,66,Oberspreewald-Lausitz,117943,57656,60287,4002,3967,4005,3649,7047,5894,6570,5371,9834,9186,9988,10104,7052,8056,7074,9116,2084,4944,56390,1480,10320,1540,4870,9050,4450,880,7600,4280,11930,
12067,12,0,67,Oder-Spree,178177,87723,90453,6640,6549,6404,5858,10057,8690,9689,8864,15267,15034,16097,15793,10511,11141,10080,12340,2978,6184,92360,2070,13210,2290,8280,14260,7250,1920,11880,10090,21120,
12068,12,0,68,Ostprignitz-Ruppin,100242,49844,50398,3878,3544,3564,3431,6162,5159,5438,4941,8671,8254,9497,9181,5822,5748,5209,6489,1603,3651,50460,2750,6380,800,5050,8820,3110,890,5400,5550,11710,10
12069,12,0,69,Potsdam-Mittelmark,202816,100175,102641,9099,8726,8591,8316,10460,9126,11044,11015,19169,19195,18127,17059,11067,11532,9615,11396,3003,6276,111630,3030,11350,1740,8870,18130,9670,3100,16730,14040,24960,0
12070,12,0,70,Prignitz,80276,39507,40769,2754,2561,2827,2670,4758,3669,3980,3350,6812,6528,7396,7268,4728,5120,4779,6131,1473,3472,39290,2580,6320,550,3460,6390,3020,800,3760,3620,8780,
12071,12,0,71,Spree-Neiße,122524,60411,62112,4327,3962,4101,3986,6970,5538,6270,5713,10846,10375,11784,11412,7277,7842,6756,8416,2080,4868,62150,1570,9130,2190,6080,9510,4200,1070,7700,6770,13930,
12072,12,0,72,Teltow-Fläming,159255,78843,80412,6895,6326,6314,5950,9398,8509,9069,8660,15016,14260,13344,12781,8756,9160,7799,9607,2252,5159,85360,2130,13990,1270,6790,14890,7950,1760,10830,8680,17060,0
12073,12,0,73,Uckermark,124682,61431,63251,4556,4312,4474,4401,7187,5777,6317,5754,10475,10264,11767,11342,7569,8027,7052,8961,2034,4413,59570,3470,9170,1370,5280,9000,3810,1090,6770,5130,14460,
13001,13,0,1,"Greifswald, Hansestadt",55447,26325,29122,2113,2140,1702,1800,6559,7237,3506,2930,3439,3543,3691,3877,2370,2811,2239,3029,706,1755,26630,,1970,340,1810,3920,1450,420,5290,2050,9230,
13002,13,0,2,"Neubrandenburg, Stadt",64111,30908,33203,2487,2511,1941,2055,5154,4596,3845,3282,4517,4481,5227,5918,3520,4016,3279,4313,938,2031,31240,,3430,400,1780,5690,2340,670,4840,4270,7680,
13003,13,0,3,"Rostock, Hansestadt",200265,98115,102151,7448,7593,5853,5745,19480,18439,13349,10225,14210,13361,13848,14293,10074,12007,10772,13871,3081,6617,98120,,8520,2300,5500,18400,9440,1580,16690,9740,25420,
13004,13,0,4,"Schwerin, Landeshauptstadt",91293,43244,48049,3873,3577,3030,2876,6339,6041,5343,5034,6334,6757,6708,7655,5199,5833,4797,6416,1621,3860,44490,,3720,730,2600,7270,3920,850,7300,5940,11790,
13005,13,0,5,"Stralsund, Hansestadt",56729,27550,29179,2183,2252,1736,1753,4577,3797,3404,3078,4274,3855,3948,4370,3004,3459,3436,4491,988,2124,25190,,2390,310,1670,4730,1450,430,3840,3130,7120,
13006,13,0,6,"Wismar, Hansestadt",42468,20634,21835,1555,1575,1313,1278,3649,3125,2543,1998,3016,2888,3050,3287,2281,2665,2438,3221,789,1798,18830,80,2790,660,1570,3350,1350,310,2800,1260,4670,
13051,13,0,51,Bad Doberan,115654,57713,57941,5014,4732,4444,4216,6255,5348,6525,6153,10686,10385,11015,10799,7023,7033,5326,6031,1425,3244,62120,1720,5780,1360,5530,11730,5290,1240,8320,7090,14070,
13052,13,0,52,Demmin,77572,38600,38973,3098,2915,2924,2698,4432,3458,4262,3593,6856,6383,7593,7030,4138,4312,4088,5629,1209,2955,35100,2110,4200,650,4130,5630,2810,500,3990,2980,8100,
13053,13,0,53,Güstrow,96905,48150,48755,3951,3895,3649,3395,5857,4892,5433,4543,8627,8095,8956,8390,5082,5366,5054,6578,1541,3601,46390,2740,5320,1120,4650,7400,3930,640,4810,4650,11120,
13054,13,0,54,Ludwigslust,120926,60409,60516,4974,4914,4790,4416,7798,6293,7228,6253,10989,10282,11048,10666,6455,6445,5479,7254,1648,3993,65350,2480,13640,1010,6040,10300,5830,1260,7480,6040,11260,
13055,13,0,55,Mecklenburg-Strelitz,76008,37678,38330,2851,2872,2757,2617,4241,3436,4113,3659,6837,6332,7416,7272,4315,4381,3993,5100,1155,2661,37560,1530,3530,610,3960,6680,2920,740,4280,4700,8620,
13056,13,0,56,Müritz,63719,31261,32458,2568,2502,2358,2176,3666,3344,3592,3229,5495,5229,5811,5594,3616,3849,3234,4325,921,2210,32090,1650,4190,430,2960,7070,2040,600,3270,2640,7230,
13057,13,0,57,Nordvorpommern,103288,51203,52086,3976,3852,3838,3487,5733,4661,5496,5182,9191,8760,9930,9505,5875,6195,5629,7046,1535,3398,50960,2620,4360,740,5540,10600,3390,660,5910,5190,11970,
13058,13,0,58,Nordwestmecklenburg,114167,57345,56820,5112,4870,4832,4435,6578,5625,6887,6338,10699,9886,10508,9815,6169,6146,5104,6312,1456,3393,60380,2610,8470,1250,6420,10430,4590,1070,6880,5390,13270,
13059,13,0,59,Ostvorpommern,102879,50989,51889,4050,3870,3760,3372,5823,5185,5540,4933,8625,8351,9827,9344,6109,6195,5696,7141,1559,3498,51100,1950,4620,670,4820,11980,2720,660,6290,4420,12970,
13060,13,0,60,Parchim,93446,46371,47074,3547,3354,3530,3309,5279,4114,5057,4435,8227,8034,9193,8829,5535,5555,4741,6140,1262,3304,48660,2930,5790,730,5100,7520,3810,1070,5700,5280,10720,
13061,13,0,61,Rügen,65495,32126,33369,2446,2323,2291,2029,3876,3564,3271,2997,5482,5403,6279,6108,3865,4045,3636,4621,980,2279,34520,1040,2130,380,2640,11230,2300,610,4200,2620,7350,
13062,13,0,62,Uecker-Randow,69610,34519,35091,2715,2551,2482,2276,4064,3275,3643,3202,5744,5388,7014,6568,3881,4036,3836,5063,1140,2732,31200,1380,3740,510,2480,4500,1920,570,4650,3910,7540,
14511,14,5,11,"Chemnitz, Stadt",240253,115825,124428,9456,8736,7470,7058,16350,15795,14664,11739,16925,16364,16817,17760,15646,18059,13481,17288,5016,11629,114790,,18800,1870,7490,19840,8560,2260,17540,9650,28020,
14521,14,5,21,Erzgebirgskreis,361791,176526,185265,14489,13886,12704,12193,20714,17343,21003,18169,26870,25468,30778,31218,23611,24655,18521,25222,7836,17111,184250,3900,47300,2500,17640,28250,10390,4010,18020,13880,38350,10
14522,14,5,22,Mittelsachsen,322077,158822,163256,12611,12137,11351,10514,20181,15957,18435,15805,25569,23983,26249,26115,19724,21067,17808,22402,6894,15276,165060,4770,37090,2120,15650,25380,11600,3550,18930,11270,34690,
14523,14,5,23,Vogtlandkreis,240053,115937,124115,8919,8333,8245,7646,13367,11624,13296,11621,18693,18035,19459,19992,15592,17320,13579,17674,4787,11870,118660,2010,28270,1350,10390,20090,7870,2100,12640,7660,26270,
14524,14,5,24,Zwickau,335220,162041,173179,12661,12089,11349,10845,19521,17158,18445,16346,26365,25103,26710,27072,21345,23763,18490,24050,7155,16753,167530,2330,38170,2060,13670,27340,11430,3410,20860,10750,37490,20
14612,14,6,12,"Dresden, Stadt",512354,250250,262104,23985,23332,15794,15505,48449,44677,36553,34415,36876,33237,29665,30734,25481,30099,24661,30630,8786,19475,267750,1180,32230,3460,13550,44100,23440,6050,50040,20500,73210,
14625,14,6,25,Bautzen,315174,155497,159677,12985,12310,11329,10648,18493,15132,18315,15800,25744,24195,26554,25899,18272,19801,17674,22184,6131,13708,159630,3610,34600,2310,14760,25180,10460,2690,18240,12270,35520,
14626,14,6,26,Görlitz,269647,131493,138154,10429,9958,9435,9065,15196,12687,14142,12272,21008,20287,22959,22082,16839,18342,15795,20045,5690,13416,127980,3710,23870,2460,11360,19940,7450,2510,13600,10030,33040,
14627,14,6,27,Meißen,247054,121154,125900,10455,9800,8775,8125,14070,11943,14264,12587,20450,19236,20327,19940,14133,15930,13793,17103,4887,11236,125860,3230,25270,1770,11030,20500,9850,2620,14820,9450,27320,
14628,14,6,28,Sächsische Schweiz-Osterzgebirge,246818,121361,125457,10494,9952,8867,8299,13982,11893,14331,12999,20140,18805,19457,19284,15341,16507,13845,16717,4904,11001,126390,2490,23470,1820,12170,22060,8440,2780,15180,10090,27880,
14713,14,7,13,"Leipzig, Stadt",502979,241255,261724,22908,20351,15211,15013,40266,44454,36913,33059,37523,33553,30742,32653,25360,30412,23990,31955,8342,20274,252510,1010,23820,3810,15100,42040,28440,6640,47580,15900,68160,
14729,14,7,29,Leipzig,262214,128287,133927,10594,10070,9399,8910,14479,12555,14634,13661,22863,21551,22002,21853,15773,17155,13766,17282,4777,10890,135470,3320,19590,2780,13910,22010,10440,3410,18690,10390,30930,
14730,14,7,30,Nordsachsen,201165,99119,102046,8034,7580,7180,6671,12012,10103,11544,10186,17274,16528,17748,17036,11335,12188,10483,13448,3509,8306,103750,3450,16330,2040,10150,17360,9380,2110,12260,8500,22180,
15001,15,0,1,"Dessau-Roßlau, Stadt",86030,41493,44537,3012,2743,2542,2591,5128,4598,4413,3908,6625,6580,6867,6957,5750,6561,5484,6775,1672,3824,39960,280,6780,570,2610,5740,3040,920,6310,4500,9210,
15002,15,0,2,"Halle Saale, Stadt",229153,108653,120500,9209,9313,7041,7515,18057,19887,14817,12648,16624,15455,14944,16021,13110,15843,11149,14734,3702,9084,105900,,9510,2120,5970,15080,10900,2050,19130,9050,31860,
15003,15,0,3,"Magdeburg, Landeshauptstadt",228144,110616,117528,9240,8355,7087,6914,19318,18027,14207,12179,17061,16047,15590,16492,12744,15306,11516,15538,3853,8670,114270,,13280,1890,8030,18210,8790,2310,20250,11780,29320,0
15081,15,0,81,Altmarkkreis Salzwedel,88241,44029,44212,3578,3356,3526,3366,5680,4420,4988,4264,7918,7339,7778,7531,4660,4913,4441,5777,1460,3246,46530,2810,9050,590,4420,7680,2760,880,4900,3530,9920,
15082,15,0,82,Anhalt-Bitterfeld,172127,83925,88202,5983,5838,5861,5496,10663,8708,9518,8081,14001,13800,15005,15005,10486,11454,9456,12404,2952,7416,83980,1760,17100,1650,7290,13580,6630,1450,11840,6360,16320,
15083,15,0,83,Börde,176048,87374,88674,7156,6666,6599,6116,10343,9197,10567,9298,15884,14963,15935,15429,10002,10167,8253,10546,2635,6292,95670,2940,17770,1640,8060,16260,7230,1790,11600,9430,18930,
15084,15,0,84,Burgenlandkreis,189729,92935,96794,6843,6443,6242,5854,11238,9269,10473,8705,15822,14878,16466,16295,11423,12301,10694,14051,3734,8998,91720,2120,17490,1500,9140,14540,7380,1680,11160,7950,18750,0
15085,15,0,85,Harz,226495,110274,116221,8276,7786,7980,7442,13333,11186,12197,10872,18818,18239,18939,19138,14279,15499,12294,15981,4158,10078,110620,2640,20460,1570,9910,19840,6940,2040,11770,9620,25830,
15086,15,0,86,Jerichower Land,93849,46581,47268,3487,3400,3460,3127,5457,4459,5296,4673,8360,7799,8640,8138,5453,5708,4888,6350,1540,3614,47770,2060,7720,1000,4550,7130,3170,1070,5890,5110,10080,
15087,15,0,87,Mansfeld-Südharz,147887,72689,75198,5067,4887,5112,4504,8187,6801,7902,7015,11852,11509,13248,12688,9711,10347,8689,11073,2921,6374,68240,1880,11400,1120,6720,11260,4570,1290,8310,6150,15530,
15088,15,0,88,Saalekreis,191681,94414,97267,7556,7029,6672,6312,11476,9710,11194,9891,16320,15896,16615,16681,11857,12539,9575,12140,3149,7069,98640,2170,14420,2370,9150,15620,8940,2190,13550,9490,20730,0
15089,15,0,89,Salzlandkreis,205458,100092,105366,7297,6963,7181,6731,12077,10393,11114,9494,17112,16616,17339,17267,12803,14042,11452,14947,3717,8913,96770,2050,17790,1990,8680,15430,6670,1720,11910,8240,22290,0
15090,15,0,90,Stendal,119204,58876,60328,4625,4358,4440,4547,7385,6329,6329,5474,10479,9925,10667,10338,6893,7193,6222,7893,1836,4271,57390,2920,7920,640,6420,8830,3510,1180,6710,6430,12830,
15091,15,0,91,Wittenberg,132994,65065,67929,4872,4320,4612,4083,7444,6326,7034,6083,11260,10766,11663,11744,8182,9060,7719,10107,2279,5440,65460,2010,12930,940,6130,10310,4280,1320,8110,6010,13440,0
16051,16,0,51,"Erfurt, Stadt",200868,96506,104362,8501,8450,6838,6368,15612,16483,13203,12021,14962,14854,14095,15246,11138,12272,9191,11722,2966,6946,104560,700,11640,1710,6020,17510,11140,2290,16850,12600,24120,
16052,16,0,52,"Gera, Stadt",96067,45891,50176,3464,3167,2899,2728,5948,5732,5078,4582,7403,6966,7935,8528,6020,6784,5235,7041,1909,4648,47850,370,6760,830,3600,7990,4200,970,7030,4520,11570,0
16053,16,0,53,"Jena, Stadt",105739,52091,53648,4339,4487,3238,2948,12363,11431,7194,6522,7082,6414,6306,6571,5329,6138,4689,5838,1551,3299,53590,,7530,910,2010,7320,3460,1030,9200,3540,18270,0
16054,16,0,54,"Suhl, Stadt",36960,17859,19101,1131,1068,1139,1057,2088,1721,1922,1613,2883,2863,3058,3497,2732,3082,2234,2750,672,1450,19550,60,3210,280,1570,3480,1190,620,2460,2110,4580,
16055,16,0,55,"Weimar, Stadt",62764,30097,32667,2963,2659,2233,2141,4953,5490,4334,3602,4671,4387,4031,4422,3193,3749,2766,3745,953,2472,31620,,3120,350,1880,5480,2360,640,4770,2340,10410,
16056,16,0,56,"Eisenach, Stadt",41753,20191,21562,1708,1615,1446,1331,2662,2468,2444,2339,3399,3084,3108,3148,2331,2775,2320,3032,773,1770,21280,90,5810,160,920,3350,1440,360,2630,1320,5190,
16061,16,0,61,Eichsfeld,102257,51201,51056,4562,4454,4237,4041,7023,6056,6599,5632,8233,7721,8517,8012,5758,5912,4735,5766,1537,3462,54570,1260,12560,590,6750,8380,3200,850,4860,3740,12390,
16062,16,0,62,Nordhausen,87210,43012,44198,3386,3178,3172,2925,5694,5079,4894,4328,7197,6646,7077,7038,5273,5680,4725,5919,1594,3405,42180,1050,8140,670,3690,6660,2560,660,4310,3160,11270,
16063,16,0,63,Wartburgkreis,128719,64308,64411,5092,4693,4626,4375,8131,6729,7908,6822,10720,10119,11448,10775,7495,7859,6681,8377,2207,4662,70240,1490,20240,770,5570,11350,4680,1600,6980,4530,13000,20
16064,16,0,64,Unstrut-Hainich-Kreis,106122,52297,53825,4376,4269,4220,4018,6570,5636,6260,5499,8856,8351,8993,8798,5881,6191,5404,7019,1737,4044,53500,1630,10570,750,5690,7920,3530,1090,5320,4210,12800,
16065,16,0,65,Kyffhäuserkreis,80053,39648,40405,3024,2692,2905,2742,4855,3813,4466,3861,6516,6266,7163,7018,4924,5315,4364,5505,1431,3193,38280,1570,7340,480,3670,5830,2810,770,4140,3500,8190,
16066,16,0,66,Schmalkalden-Meiningen,127622,63554,64068,4632,4440,4407,3995,8590,6780,7527,6246,10462,10122,11249,10845,7501,8212,6970,8592,2216,4836,69390,1370,17640,1210,6240,10150,4310,1060,7140,5330,14930,0
16067,16,0,67,Gotha,136330,67247,69083,5498,5209,5091,4753,8314,7026,7997,7082,11439,10867,11477,11391,8221,8811,6937,8813,2273,5131,71940,1440,16900,1120,5850,12050,5800,1270,8300,5740,13460,
16068,16,0,68,Sömmerda,71865,35789,36076,2978,2771,2607,2434,4279,3675,4475,3819,6159,5782,6494,6432,4373,4422,3352,4311,1072,2430,37780,1290,7360,480,3610,6150,3020,650,4400,3460,7330,
16069,16,0,69,Hildburghausen,66369,33092,33277,2514,2387,2421,2227,4480,3599,4125,3491,5587,5135,5993,5744,3666,3854,3192,4311,1114,2529,36660,1210,10300,530,3340,5580,1880,1000,3210,2470,7120,0
16070,16,0,70,Ilm-Kreis,110361,54949,55412,4167,4081,3775,3455,8297,6188,6570,5445,8918,8425,9015,9051,6777,7155,5652,7174,1778,4438,56360,1080,12720,780,4300,8740,4650,1110,6390,4560,12030,
16071,16,0,71,Weimarer Land,82643,40835,41808,3583,3432,3007,3084,4813,4238,5051,4542,7081,6718,7334,7243,5003,5004,3693,4727,1270,2820,44780,1070,6890,690,4730,7440,3150,800,5340,4090,10570,
16072,16,0,72,Sonneberg,58943,28837,30106,2080,2006,1946,1783,3397,2898,3585,2934,4759,4627,5196,5045,3579,3816,3212,4395,1083,2602,32130,270,11590,330,2420,4470,1740,880,3240,1570,5610,0
16073,16,0,73,Saalfeld-Rudolstadt,113267,55467,57800,4004,3796,3723,3344,6840,5406,6156,5375,9188,8757,9863,9664,6938,7493,6544,8705,2211,5260,59420,1170,14900,1090,5120,8620,3550,1150,6110,3870,13840,
16074,16,0,74,Saale-Holzland-Kreis,84802,42102,42700,3284,3154,3086,2890,5072,4287,4953,4359,7280,6806,7487,7236,5273,5578,4335,5271,1332,3119,45850,1520,8910,760,4240,7680,3160,790,5150,3370,10290,0
16075,16,0,75,Saale-Orla-Kreis,85806,42203,43603,3288,3073,3060,3000,5133,4317,4976,4228,6993,6732,7644,7324,4943,5241,4608,6092,1558,3596,46360,2080,12740,680,4000,6560,2980,780,4660,2790,9100,
16076,16,0,76,Greiz,105332,51687,53645,3701,3534,3714,3361,5677,4650,5791,4834,8613,8449,9661,9360,6536,6972,5929,7724,2065,4761,54050,1740,10920,920,5530,9070,3960,890,5790,4130,11100,
16077,16,0,77,Altenburger Land,96737,47211,49526,3203,3216,3195,3030,5432,4307,5269,4326,7782,7559,8315,8310,6394,6897,5647,7080,1974,4801,46530,1090,9630,770,4170,7380,3460,1160,5600,3430,9830,
